{"\ud83d\ude02": "positif", "\u2764": "positif", "\u2665": "positif", "\ud83d\ude0d": "positif", "\ud83d\ude2d": "negatif", "\ud83d\ude18": "positif", "\ud83d\ude0a": "positif", "\ud83d\udc4c": "positif", "\ud83d\udc95": "positif", "\ud83d\udc4f": "positif", "\ud83d\ude01": "positif", "\u263a": "positif", "\u2661": "positif", "\ud83d\udc4d": "positif", "\ud83d\ude29": "negatif", "\ud83d\ude4f": "positif", "\u270c": "positif", "\ud83d\ude0f": "neutre", "\ud83d\ude09": "positif", "\ud83d\ude4c": "positif", "\ud83d\ude48": "positif", "\ud83d\udcaa": "positif", "\ud83d\ude04": "positif", "\ud83d\ude12": "negatif", "\ud83d\udc83": "positif", "\ud83d\udc96": "positif", "\ud83d\ude03": "positif", "\ud83d\ude14": "negatif", "\ud83d\ude31": "positif", "\ud83c\udf89": "positif", "\ud83d\ude1c": "positif", "\u262f": "neutre", "\ud83c\udf38": "positif", "\ud83d\udc9c": "positif", "\ud83d\udc99": "positif", "\u2728": "neutre", "\ud83d\ude33": "positif", "\ud83d\udc97": "positif", "\u2605": "neutre", "\u2600": "positif", "\ud83d\ude21": "negatif", "\ud83d\ude0e": "positif", "\ud83d\ude22": "positif", "\ud83d\udc8b": "positif", "\ud83d\ude0b": "positif", "\ud83d\ude4a": "positif", "\ud83d\ude34": "negatif", "\ud83c\udfb6": "positif", "\ud83d\udc9e": "positif", "\ud83d\ude0c": "positif", "\ud83d\udd25": "neutre", "\ud83d\udcaf": "positif", "\ud83d\udd2b": "negatif", "\ud83d\udc9b": "positif", "\ud83d\udc81": "positif", "\ud83d\udc9a": "positif", "\u266b": "neutre", "\ud83d\ude1e": "negatif", "\ud83d\ude06": "positif", "\ud83d\ude1d": "positif", "\ud83d\ude2a": "negatif", "\ud83d\ude2b": "negatif", "\ud83d\ude05": "positif", "\ud83d\udc4a": "positif", "\ud83d\udc80": "negatif", "\ud83d\ude00": "positif", "\ud83d\ude1a": "positif", "\ud83d\ude3b": "positif", "\ud83d\udc40": "neutre", "\ud83d\udc98": "positif", "\ud83d\udc13": "neutre", "\u2615": "neutre", "\ud83d\udc4b": "positif", "\u270b": "positif", "\ud83c\udf8a": "positif", "\ud83c\udf55": "positif", "\u2744": "positif", "\ud83d\ude25": "positif", "\ud83d\ude15": "negatif", "\ud83d\udca5": "neutre", "\ud83d\udc94": "negatif", "\ud83d\ude24": "negatif", "\ud83d\ude08": "positif", "\u2708": "neutre", "\ud83d\udd1d": "positif", "\ud83d\ude30": "negatif", "\u26bd": "positif", "\ud83d\ude11": "negatif", "\ud83d\udc51": "positif", "\ud83d\ude39": "positif", "\ud83d\udc49": "neutre", "\ud83c\udf43": "positif", "\ud83c\udf81": "positif", "\ud83d\ude20": "negatif", "\ud83d\udc27": "positif", "\u2606": "neutre", "\ud83c\udf40": "neutre", "\ud83c\udf88": "positif", "\ud83c\udf85": "neutre", "\ud83d\ude13": "negatif", "\ud83d\ude23": "negatif", "\ud83d\ude10": "negatif", "\u270a": "positif", "\ud83d\ude28": "negatif", "\ud83d\ude16": "negatif", "\ud83d\udca4": "positif", "\ud83d\udc93": "positif", "\ud83d\udc4e": "negatif", "\ud83d\udca6": "positif", "\u2714": "neutre", "\ud83d\ude37": "negatif", "\u26a1": "neutre", "\ud83d\ude4b": "positif", "\ud83c\udf84": "positif", "\ud83d\udca9": "negatif", "\ud83c\udfb5": "positif", "\u27a1": "neutre", "\ud83d\ude1b": "positif", "\ud83d\ude2c": "positif", "\ud83d\udc6f": "positif", "\ud83d\udc8e": "positif", "\ud83c\udf3f": "neutre", "\ud83c\udf82": "positif", "\ud83c\udf1f": "neutre", "\ud83d\udd2e": "neutre", "\u2757": "neutre", "\ud83d\udc6b": "positif", "\ud83c\udfc6": "positif", "\u2716": "neutre", "\u261d": "positif", "\ud83d\ude19": "positif", "\u26c4": "positif", "\ud83d\udc45": "positif", "\u266a": "positif", "\ud83c\udf42": "positif", "\ud83d\udc8f": "positif", "\ud83d\udd2a": "neutre", "\ud83c\udf34": "positif", "\ud83d\udc48": "positif", "\ud83c\udf39": "positif", "\ud83d\ude46": "positif", "\u279c": "neutre", "\ud83d\udc7b": "neutre", "\ud83d\udcb0": "neutre", "\ud83c\udf7b": "positif", "\ud83d\ude45": "negatif", "\ud83c\udf1e": "positif", "\ud83c\udf41": "positif", "\ud83c\udf80": "positif", "\u2637": "neutre", "\ud83d\udc37": "neutre", "\ud83d\ude49": "positif", "\ud83c\udf3a": "positif", "\ud83d\udc85": "positif", "\ud83d\udc36": "positif", "\ud83c\udf1a": "positif", "\ud83d\udc7d": "neutre", "\ud83c\udfa4": "positif", "\ud83d\udc6d": "positif", "\ud83c\udfa7": "positif", "\ud83d\udc46": "positif", "\ud83c\udf78": "positif", "\ud83c\udf77": "neutre", "\ud83c\udf49": "positif", "\ud83d\ude07": "positif", "\u2611": "neutre", "\ud83c\udfc3": "positif", "\ud83d\ude3f": "negatif", "\ud83d\udca3": "neutre", "\ud83c\udf7a": "positif", "\ud83d\ude32": "negatif", "\ud83c\udfb8": "positif", "\ud83c\udf79": "positif", "\ud83d\udcab": "positif", "\ud83d\udcda": "positif", "\ud83d\ude36": "negatif", "\ud83c\udf37": "positif", "\ud83d\udc9d": "positif", "\ud83d\udca8": "positif", "\ud83c\udfc8": "positif", "\ud83d\udc8d": "positif", "\u2614": "positif", "\ud83d\udc78": "positif", "\ud83c\udf69": "positif", "\ud83d\udc7e": "neutre", "\u2601": "positif", "\ud83c\udf3b": "positif", "\ud83d\ude35": "positif", "\ud83d\udcd2": "neutre", "\ud83d\udc2f": "positif", "\ud83d\udc7c": "positif", "\ud83c\udf54": "positif", "\ud83d\ude38": "positif", "\ud83d\udc76": "positif", "\ud83d\udc90": "positif", "\ud83c\udf0a": "positif", "\ud83c\udf66": "positif", "\ud83c\udf53": "positif", "\ud83d\udc47": "neutre", "\ud83d\udc86": "positif", "\ud83c\udf74": "positif", "\ud83d\ude27": "negatif", "\ud83d\ude2e": "positif", "\ud83d\ude3d": "positif", "\ud83c\udf08": "positif", "\ud83d\ude40": "positif", "\u26a0": "neutre", "\ud83c\udfae": "positif", "\ud83c\udf46": "positif", "\ud83c\udf70": "positif", "\u2713": "neutre", "\ud83d\udc50": "negatif", "\ud83d\ude47": "positif", "\ud83c\udf5f": "positif", "\ud83c\udf4c": "positif", "\ud83d\udc91": "positif", "\ud83d\udc6c": "neutre", "\ud83d\udc23": "positif", "\ud83c\udf83": "positif", "\ud83d\ude1f": "positif", "\ud83d\udc3e": "positif", "\ud83c\udf93": "positif", "\ud83c\udfca": "positif", "\ud83c\udf6b": "positif", "\ud83d\udcf7": "positif", "\ud83d\udc44": "positif", "\ud83c\udf3c": "positif", "\ud83d\udc31": "positif", "\ud83d\udc38": "neutre", "\ud83d\udc7f": "negatif", "\u273f": "neutre", "\ud83d\udcd6": "positif", "\ud83d\udc12": "positif", "\ud83c\udf0d": "positif", "\ud83d\udc25": "positif", "\ud83c\udf00": "neutre", "\ud83d\udc3c": "neutre", "\ud83c\udfa5": "neutre", "\ud83d\udc84": "positif", "\ud83d\udcb8": "positif", "\u26d4": "positif", "\ud83c\udfc0": "positif", "\ud83d\udc89": "positif", "\ud83d\udc9f": "positif", "\ud83d\ude2f": "positif", "\ud83d\udcdd": "neutre", "\u2666": "positif", "\ud83d\udcad": "neutre", "\ud83c\udf19": "positif", "\ud83d\udc1f": "positif", "\ud83d\udc63": "positif", "\u261e": "neutre", "\u2702": "negatif", "\ud83d\uddff": "positif", "\ud83c\udf5d": "positif", "\ud83d\udc6a": "negatif", "\ud83c\udf6d": "positif", "\ud83c\udf03": "neutre", "\u274c": "positif", "\ud83d\udc30": "positif", "\ud83d\udc8a": "positif", "\ud83d\ude26": "negatif", "\ud83c\udf6a": "positif", "\ud83c\udf63": "negatif", "\u2727": "neutre", "\ud83c\udf86": "positif", "\ud83c\udf8e": "positif", "\u2705": "positif"}