{"\ud83d\ude02": "positif", "\u2764": "positif", "\u2665": "positif", "\ud83d\ude0d": "positif", "\ud83d\ude2d": "negatif", "\ud83d\ude18": "positif", "\ud83d\ude0a": "positif", "\ud83d\udc4c": "positif", "\ud83d\udc95": "positif", "\ud83d\udc4f": "positif", "\ud83d\ude01": "positif", "\u263a": "positif", "\u2661": "positif", "\ud83d\udc4d": "positif", "\ud83d\ude29": "negatif", "\ud83d\ude4f": "positif", "\u270c": "positif", "\ud83d\ude0f": "neutre", "\ud83d\ude09": "positif", "\ud83d\ude4c": "positif", "\ud83d\ude48": "positif", "\ud83d\udcaa": "positif", "\ud83d\ude04": "positif", "\ud83d\ude12": "negatif", "\ud83d\udc83": "positif", "\ud83d\udc96": "positif", "\ud83d\ude03": "positif", "\ud83d\ude14": "negatif", "\ud83d\ude31": "positif", "\ud83c\udf89": "positif", "\ud83d\ude1c": "positif", "\u262f": "neutre", "\ud83c\udf38": "positif", "\ud83d\udc9c": "positif", "\ud83d\udc99": "positif", "\u2728": "neutre", "\ud83d\ude33": "positif", "\ud83d\udc97": "positif", "\u2605": "neutre", "\u2588": "neutre", "\u2600": "positif", "\ud83d\ude21": "negatif", "\ud83d\ude0e": "positif", "\ud83d\ude22": "positif", "\ud83d\udc8b": "positif", "\ud83d\ude0b": "positif", "\ud83d\ude4a": "positif", "\ud83d\ude34": "negatif", "\ud83c\udfb6": "positif", "\ud83d\udc9e": "positif", "\ud83d\ude0c": "positif", "\ud83d\udd25": "neutre", "\ud83d\udcaf": "positif", "\ud83d\udd2b": "negatif", "\ud83d\udc9b": "positif", "\ud83d\udc81": "positif", "\ud83d\udc9a": "positif", "\u266b": "neutre", "\ud83d\ude1e": "negatif", "\ud83d\ude06": "positif", "\ud83d\ude1d": "positif", "\ud83d\ude2a": "negatif", "\ufffd": "neutre", "\ud83d\ude2b": "negatif", "\ud83d\ude05": "positif", "\ud83d\udc4a": "positif", "\ud83d\udc80": "negatif", "\ud83d\ude00": "positif", "\ud83d\ude1a": "positif", "\ud83d\ude3b": "positif", "\u00a9": "neutre", "\ud83d\udc40": "neutre", "\ud83d\udc98": "positif", "\ud83d\udc13": "neutre", "\u2615": "neutre", "\ud83d\udc4b": "positif", "\u270b": "positif", "\ud83c\udf8a": "positif", "\ud83c\udf55": "positif", "\u2744": "positif", "\ud83d\ude25": "positif", "\ud83d\ude15": "negatif", "\ud83d\udca5": "neutre", "\ud83d\udc94": "negatif", "\ud83d\ude24": "negatif", "\ud83d\ude08": "positif", "\u25ba": "neutre", "\u2708": "neutre", "\ud83d\udd1d": "positif", "\ud83d\ude30": "negatif", "\u26bd": "positif", "\ud83d\ude11": "negatif", "\ud83d\udc51": "positif", "\ud83d\ude39": "positif", "\ud83d\udc49": "neutre", "\ud83c\udf43": "positif", "\ud83c\udf81": "positif", "\ud83d\ude20": "negatif", "\ud83d\udc27": "positif", "\u2606": "neutre", "\ud83c\udf40": "neutre", "\ud83c\udf88": "positif", "\ud83c\udf85": "neutre", "\ud83d\ude13": "negatif", "\ud83d\ude23": "negatif", "\ud83d\ude10": "negatif", "\u270a": "positif", "\ud83d\ude28": "negatif", "\ud83d\ude16": "negatif", "\ud83d\udca4": "positif", "\ud83d\udc93": "positif", "\ud83d\udc4e": "negatif", "\ud83d\udca6": "positif", "\u2714": "neutre", "\ud83d\ude37": "negatif", "\u26a1": "neutre", "\ud83d\ude4b": "positif", "\ud83c\udf84": "positif", "\ud83d\udca9": "negatif", "\ud83c\udfb5": "positif", "\u27a1": "neutre", "\ud83d\ude1b": "positif", "\ud83d\ude2c": "positif", "\ud83d\udc6f": "positif", "\ud83d\udc8e": "positif", "\ud83c\udf3f": "neutre", "\ud83c\udf82": "positif", "\ud83c\udf1f": "neutre", "\ud83d\udd2e": "neutre", "\u2757": "neutre", "\ud83d\udc6b": "positif", "\ud83c\udfc6": "positif", "\u2716": "neutre", "\u261d": "positif", "\ud83d\ude19": "positif", "\u26c4": "positif", "\ud83d\udc45": "positif", "\u266a": "positif", "\ud83c\udf42": "positif", "\ud83d\udc8f": "positif", "\ud83d\udd2a": "neutre", "\ud83c\udf34": "positif", "\ud83d\udc48": "positif", "\ud83c\udf39": "positif", "\ud83d\ude46": "positif", "\u279c": "neutre", "\ud83d\udc7b": "neutre", "\ud83d\udcb0": "neutre", "\ud83c\udf7b": "positif", "\ud83d\ude45": "negatif", "\ud83c\udf1e": "positif", "\ud83c\udf41": "positif", "\u2b50": "positif", "\u25aa": "neutre", "\ud83c\udf80": "positif", "\u2501": "neutre", "\u2637": "neutre", "\ud83d\udc37": "neutre", "\ud83d\ude49": "positif", "\ud83c\udf3a": "positif", "\ud83d\udc85": "positif", "\ud83d\udc36": "positif", "\ud83c\udf1a": "positif", "\ud83d\udc7d": "neutre", "\ud83c\udfa4": "positif", "\ud83d\udc6d": "positif", "\ud83c\udfa7": "positif", "\ud83d\udc46": "positif", "\ud83c\udf78": "positif", "\ud83c\udf77": "neutre", "\u00ae": "neutre", "\ud83c\udf49": "positif", "\ud83d\ude07": "positif", "\u2611": "neutre", "\ud83c\udfc3": "positif", "\ud83d\ude3f": "negatif", "\u2502": "neutre", "\ud83d\udca3": "neutre", "\ud83c\udf7a": "positif", "\u25b6": "neutre", "\ud83d\ude32": "negatif", "\ud83c\udfb8": "positif", "\ud83c\udf79": "positif", "\ud83d\udcab": "positif", "\ud83d\udcda": "positif", "\ud83d\ude36": "negatif", "\ud83c\udf37": "positif", "\ud83d\udc9d": "positif", "\ud83d\udca8": "positif", "\ud83c\udfc8": "positif", "\ud83d\udc8d": "positif", "\u2614": "positif", "\ud83d\udc78": "positif", "\ud83c\uddea": "positif", "\u2591": "neutre", "\ud83c\udf69": "positif", "\ud83d\udc7e": "neutre", "\u2601": "positif", "\ud83c\udf3b": "positif", "\ud83d\ude35": "positif", "\ud83d\udcd2": "neutre", "\u21bf": "positif", "\ud83d\udc2f": "positif", "\ud83d\udc7c": "positif", "\ud83c\udf54": "positif", "\ud83d\ude38": "positif", "\ud83d\udc76": "positif", "\u21be": "positif", "\ud83d\udc90": "positif", "\ud83c\udf0a": "positif", "\ud83c\udf66": "positif", "\ud83c\udf53": "positif", "\ud83d\udc47": "neutre", "\ud83d\udc86": "positif", "\ud83c\udf74": "positif", "\ud83d\ude27": "negatif", "\ud83c\uddf8": "positif", "\ud83d\ude2e": "positif", "\u2593": "neutre", "\ud83d\udeab": "negatif", "\ud83d\ude3d": "positif", "\ud83c\udf08": "positif", "\ud83d\ude40": "positif", "\u26a0": "neutre", "\ud83c\udfae": "positif", "\u256f": "neutre", "\ud83c\udf46": "positif", "\ud83c\udf70": "positif", "\u2713": "neutre", "\ud83d\udc50": "negatif", "\ud83d\ude47": "positif", "\ud83c\udf5f": "positif", "\ud83c\udf4c": "positif", "\ud83d\udc91": "positif", "\ud83d\udc6c": "neutre", "\ud83d\udc23": "positif", "\ud83c\udf83": "positif", "\u25ac": "neutre", "\ufffc": "negatif", "\ud83d\ude1f": "positif", "\ud83d\udc3e": "positif", "\ud83c\udf93": "positif", "\ud83c\udfca": "positif", "\ud83c\udf6b": "positif", "\ud83d\udcf7": "positif", "\ud83d\udc44": "positif", "\ud83c\udf3c": "positif", "\ud83d\udeb6": "neutre", "\ud83d\udc31": "positif", "\u2551": "neutre", "\ud83d\udc38": "neutre", "\ud83c\uddfa": "positif", "\ud83d\udc7f": "negatif", "\ud83d\udeac": "positif", "\u273f": "neutre", "\ud83d\udcd6": "positif", "\ud83d\udc12": "positif", "\ud83c\udf0d": "positif", "\u250a": "positif", "\ud83d\udc25": "positif", "\ud83c\udf00": "neutre", "\ud83d\udc3c": "neutre", "\ud83c\udfa5": "neutre", "\ud83d\udc84": "positif", "\ud83d\udcb8": "positif", "\u26d4": "positif", "\u25cf": "neutre", "\ud83c\udfc0": "positif", "\ud83d\udc89": "positif", "\ud83d\udc9f": "positif", "\ud83d\ude97": "neutre", "\ud83d\ude2f": "positif", "\ud83d\udcdd": "neutre", "\u2550": "neutre", "\u2666": "positif", "\ud83d\udcad": "neutre", "\ud83c\udf19": "positif", "\ud83d\udc1f": "positif", "\ud83d\udc63": "positif", "\u261e": "neutre", "\u2702": "negatif", "\ud83d\uddff": "positif", "\ud83c\udf5d": "positif", "\ud83d\udc6a": "negatif", "\ud83c\udf6d": "positif", "\ud83c\udf03": "neutre", "\u274c": "positif", "\ud83d\udc30": "positif", "\ud83d\udc8a": "positif", "\ud83d\udea8": "positif", "\ud83d\ude26": "negatif", "\ud83c\udf6a": "positif", "\ud83c\udf63": "negatif", "\u256d": "neutre", "\u2727": "neutre", "\ud83c\udf86": "positif", "\u256e": "neutre", "\ud83c\udf8e": "positif", "\ud83c\udde9": "positif", "\u2705": "positif", "\ud83d\udc79": "neutre", "\ud83d\udcf1": "neutre", "\ud83d\ude4d": "negatif", "\ud83c\udf51": "positif", "\ud83c\udfbc": "neutre", "\ud83d\udd0a": "positif", "\ud83c\udf0c": "positif", "\ud83c\udf4e": "positif", "\ud83d\udc3b": "positif", "\u2500": "neutre", "\u2570": "neutre", "\ud83d\udc87": "positif", "\u266c": "neutre", "\u265a": "neutre", "\ud83d\udd34": "neutre", "\ud83c\udf71": "negatif", "\ud83c\udf4a": "positif", "\ud83c\udf52": "positif", "\ud83d\udc2d": "positif", "\ud83d\udc5f": "positif", "\ud83c\udf0e": "positif", "\ud83c\udf4d": "positif", "\ud83d\udc2e": "positif", "\ud83d\udcf2": "neutre", "\u263c": "neutre", "\ud83c\udf05": "positif", "\ud83c\uddf7": "positif", "\ud83d\udc60": "positif", "\ud83c\udf3d": "positif", "\ud83d\udca7": "negatif", "\u2753": "neutre", "\ud83c\udf6c": "positif", "\ud83d\ude3a": "positif", "\ud83d\udc34": "neutre", "\ud83d\ude80": "positif", "\u00a6": "positif", "\ud83d\udca2": "neutre", "\ud83c\udfac": "neutre", "\ud83c\udf67": "positif", "\ud83c\udf5c": "positif", "\ud83d\udc0f": "positif", "\ud83d\udc18": "neutre", "\ud83d\udc67": "positif", "\u2800": "neutre", "\ud83c\udfc4": "positif", "\u27a4": "neutre", "\u2b06": "neutre", "\ud83c\udf4b": "neutre", "\ud83c\udd97": "positif", "\u26aa": "neutre", "\ud83d\udcfa": "positif", "\ud83c\udf45": "positif", "\u26c5": "positif", "\ud83d\udc22": "neutre", "\ud83d\udc59": "positif", "\ud83c\udfe1": "positif", "\ud83c\udf3e": "positif", "\u25c9": "neutre", "\u270f": "neutre", "\ud83d\udc2c": "positif", "\ud83c\udf64": "neutre", "\ud83c\uddf9": "positif", "\u2663": "positif", "\ud83d\udc1d": "neutre", "\ud83c\udf1d": "neutre", "\ud83c\uddee": "positif", "\ud83d\udd0b": "negatif", "\ud83d\udc0d": "positif", "\u2654": "positif", "\ud83c\udf73": "positif", "\ud83d\udd35": "positif", "\ud83d\ude3e": "negatif", "\ud83c\udf15": "positif", "\ud83d\udc28": "positif", "\ud83d\udd10": "positif", "\ud83d\udcbf": "positif", "\u2741": "neutre", "\ud83c\udf33": "positif", "\ud83d\udc70": "positif", "\u2740": "neutre", "\u2693": "positif", "\ud83d\udeb4": "positif", "\u2580": "neutre", "\ud83d\udc57": "neutre", "\u2795": "positif", "\ud83d\udcac": "positif", "\u2592": "neutre", "\ud83d\udd1c": "positif", "\ud83c\udf68": "positif", "\ud83d\udcb2": "neutre", "\u26fd": "neutre", "\ud83c\udf59": "positif", "\ud83c\udf57": "positif", "\ud83c\udf72": "neutre", "\ud83c\udf65": "negatif", "\u25b8": "neutre", "\u265b": "neutre", "\ud83d\ude3c": "positif", "\ud83d\udc19": "positif", "\ud83d\udc68": "positif", "\ud83c\udf5a": "positif", "\ud83c\udf56": "positif", "\u2668": "positif", "\ud83c\udfb9": "neutre", "\u2655": "neutre", "\u2583": "positif", "\ud83d\ude98": "positif", "\ud83c\udf4f": "neutre", "\ud83d\udc69": "positif", "\ud83d\udc66": "neutre", "\ud83c\uddec": "neutre", "\ud83c\udde7": "neutre", "\u2620": "neutre", "\ud83d\udc20": "positif", "\ud83d\udeb9": "positif", "\ud83d\udcb5": "positif", "\u2730": "positif", "\u2560": "neutre", "\ud83d\udc5b": "positif", "\ud83d\ude99": "neutre", "\ud83c\udf31": "positif", "\ud83d\udcbb": "neutre", "\ud83c\udf0f": "positif", "\u2584": "neutre", "\ud83d\udc53": "neutre", "\u25c4": "neutre", "\u26be": "negatif", "\ud83c\udf32": "positif", "\ud83d\udc74": "positif", "\ud83c\udfe0": "positif", "\ud83c\udf47": "positif", "\ud83c\udf58": "positif", "\ud83c\udf5b": "positif", "\ud83d\udc07": "positif", "\ud83d\udd1e": "neutre", "\ud83d\udc75": "positif", "\u25c0": "neutre", "\ud83d\udd19": "neutre", "\ud83c\udf35": "positif", "\ud83d\udc3d": "neutre", "\ud83c\udf6e": "negatif", "\ud83c\udf87": "positif", "\ud83d\udc0e": "positif", "\u2794": "neutre", "\ud83d\udcb6": "neutre", "\ud83d\udc24": "positif", "\u2569": "neutre", "\ud83d\udec0": "positif", "\ud83c\udf11": "positif", "\ud83d\udeb2": "neutre", "\ud83d\udc11": "neutre", "\ud83c\udfc1": "positif", "\ud83c\udf5e": "neutre", "\ud83c\udfbe": "positif", "\u255a": "neutre", "\ud83c\ude39": "neutre", "\ud83d\udc33": "neutre", "\ud83d\udc6e": "negatif", "\u2639": "negatif", "\ud83d\udc35": "positif", "\u272a": "neutre", "\u25d5": "neutre", "\ud83d\uddfc": "positif", "\u2590": "neutre", "\u2660": "neutre", "\u2533": "negatif", "\ud83d\udc7a": "negatif", "\ud83d\udc1a": "neutre", "\ud83d\udc42": "neutre", "\ud83d\uddfd": "neutre", "\ud83c\udf75": "positif", "\ud83c\udd92": "neutre", "\ud83c\udf6f": "positif", "\ud83d\udc3a": "neutre", "\u21e8": "positif", "\u27a8": "neutre", "\ud83c\udf13": "positif", "\ud83d\udd12": "positif", "\u256c": "neutre", "\ud83d\udc73": "positif", "\ud83c\udf02": "neutre", "\ud83d\ude8c": "neutre", "\u2669": "positif", "\ud83c\udf61": "neutre", "\u2765": "neutre", "\ud83c\udfa1": "neutre", "\ud83d\udc8c": "positif", "\ud83d\udc29": "neutre", "\ud83c\udf1c": "positif", "\u231a": "neutre", "\ud83d\udebf": "positif", "\ud83d\udc16": "neutre", "\ud83d\udd06": "positif", "\ud83c\udf1b": "positif", "\ud83d\udc82": "negatif", "\ud83d\udc14": "neutre", "\ud83d\ude4e": "negatif", "\ud83c\udfe9": "positif", "\ud83c\uddeb": "positif", "\ud83d\udd28": "neutre", "\ud83d\udce2": "neutre", "\ud83d\udc26": "neutre", "\ud83d\udc32": "neutre", "\u267b": "positif", "\ud83c\udf18": "positif", "\ud83c\udf50": "positif", "\ud83c\udf14": "positif", "\u2565": "positif", "\u274a": "neutre", "\ud83d\udc56": "neutre", "\ud83d\udeba": "neutre", "\ud83d\ude17": "positif", "\ud83c\udfad": "neutre", "\ud83d\udc04": "positif", "\u25df": "neutre", "\ud83c\udf62": "neutre", "\ud83c\udfa8": "neutre", "\u2b07": "positif", "\ud83d\udebc": "positif", "\u26f2": "neutre", "\u2581": "neutre", "\ud83c\uddf4": "neutre", "\ud83c\udf17": "positif", "\ud83c\udf16": "positif", "\ud83d\udd05": "positif", "\ud83d\udc5c": "neutre", "\ud83d\udc0c": "positif", "\ud83d\udcbc": "positif", "\ud83d\ude95": "neutre", "\ud83d\udc39": "positif", "\ud83c\udf20": "positif", "\ud83d\udc08": "neutre", "\u21e7": "neutre", "\u260e": "neutre", "\ud83c\udf01": "neutre", "\u26ab": "positif", "\u2667": "positif", "\ud83c\udff0": "neutre", "\ud83d\udeb5": "neutre", "\ud83c\udfa2": "positif", "\ud83c\udfb7": "positif", "\ud83c\udf90": "neutre", "\u2508": "negatif", "\u2557": "neutre", "\u2571": "neutre", "\ud83c\udf07": "positif", "\u23f0": "positif", "\u21e9": "neutre", "\ud83d\ude82": "neutre", "\u25e0": "positif", "\ud83c\udfbf": "positif", "\u2726": "neutre", "\ud83c\udd94": "positif", "\u26ea": "neutre", "\ud83c\udf12": "positif", "\ud83d\udc2a": "positif", "\u2554": "neutre", "\u255d": "positif", "\ud83d\udc54": "positif", "\ud83d\udd31": "neutre", "\ud83c\udd93": "neutre", "\ud83d\udc0b": "neutre", "\u25bd": "positif", "\u2582": "neutre", "\ud83d\udc1b": "positif", "\ud83d\udc55": "positif", "\ud83d\ude8b": "neutre", "\ud83d\udcb3": "positif", "\ud83c\udf06": "neutre", "\ud83c\udfe7": "positif", "\ud83d\udca1": "positif", "\ud83d\udd39": "neutre", "\u2b05": "positif", "\ud83c\udf60": "negatif", "\ud83d\udc2b": "neutre", "\ud83c\udfea": "neutre", "\u06e9": "neutre", "\ud83c\uddf1": "neutre", "\ud83d\udcf9": "positif", "\ud83d\udc5e": "positif", "\ud83d\ude91": "neutre", "\ud83c\udd98": "positif", "\ud83d\udc5a": "positif", "\ud83d\ude8d": "positif", "\u25a1": "negatif", "\ud83d\udc02": "neutre", "\ud83d\udea3": "positif", "\u2733": "neutre", "\ud83c\udfc9": "positif", "\ud83d\uddfb": "positif", "\ud83d\udc00": "neutre", "\u2566": "neutre", "\u26fa": "positif", "\ud83d\udc15": "neutre", "\ud83c\udfc2": "positif", "\ud83d\udc61": "positif", "\ud83d\udcfb": "positif", "\u2712": "neutre", "\ud83c\udf30": "positif", "\ud83c\udfe2": "neutre", "\ud83c\udf92": "positif", "\u2312": "positif", "\ud83c\udfeb": "negatif", "\ud83d\udcf4": "positif", "\ud83d\udea2": "positif", "\ud83d\ude9a": "neutre", "\ud83d\udc09": "neutre", "\u2752": "neutre", "\ud83d\udc0a": "neutre", "\ud83d\udd14": "positif", "\u25e2": "positif", "\ud83c\udfe5": "neutre", "\u2754": "neutre", "\ud83d\ude96": "neutre", "\ud83c\udccf": "positif", "\u25bc": "neutre", "\u258c": "neutre", "\u261b": "neutre", "\u2729": "neutre", "\ud83d\udc92": "positif", "\ud83d\udea4": "neutre", "\ud83d\udc10": "positif", "\u25a0": "negatif", "\ud83d\udd1a": "positif", "\ud83c\udfbb": "neutre", "\ud83d\udd37": "neutre", "\ud83d\udea6": "neutre", "\ud83d\udd13": "positif", "\ud83c\udfbd": "positif", "\ud83d\udcc5": "positif", "\ud83c\udfba": "positif", "\u272f": "neutre", "\ud83c\udf48": "negatif", "\u2709": "neutre", "\u2563": "neutre", "\u25e4": "positif", "\u25cb": "positif", "\ud83c\udf7c": "positif", "\ud83d\udcc0": "neutre", "\ud83d\ude9b": "neutre", "\ud83d\udcd3": "neutre", "\u2609": "neutre", "\ud83d\udcb4": "neutre", "\u253c": "neutre", "\ud83d\udc03": "neutre", "\u27b0": "negatif", "\ud83d\udd0c": "neutre", "\ud83c\udf44": "neutre", "\ud83d\udcd5": "neutre", "\ud83d\udce3": "positif", "\ud83d\ude93": "neutre", "\ud83d\udc17": "positif", "\u21aa": "neutre", "\u26f3": "positif", "\u253b": "negatif", "\u251b": "positif", "\u2503": "neutre", "\ud83d\udc71": "neutre", "\u23f3": "negatif", "\ud83d\udcba": "neutre", "\ud83c\udfc7": "negatif", "\u263b": "neutre", "\ud83d\udcde": "positif", "\u24b6": "neutre", "\ud83c\udf09": "positif", "\ud83d\udea9": "neutre", "\u270e": "positif", "\ud83d\udcc3": "positif", "\ud83c\udfe8": "neutre", "\ud83d\udccc": "negatif", "\u264e": "neutre", "\ud83d\udcb7": "positif", "\ud83d\ude84": "positif", "\u25b2": "positif", "\u26f5": "positif", "\ud83d\udd38": "neutre", "\u231b": "positif", "\ud83d\ude9c": "positif", "\ud83d\udc06": "neutre", "\ud83d\udc52": "neutre", "\u2755": "neutre", "\ud83d\udd1b": "positif", "\u2662": "neutre", "\ud83c\uddf2": "positif", "\u2745": "positif", "\ud83d\udc5d": "positif", "\u271e": "neutre", "\u25e1": "neutre", "\ud83c\udf8b": "positif", "\ud83d\udc65": "positif", "\ud83d\udcf5": "neutre", "\ud83d\udc21": "neutre", "\u25c6": "positif", "\ud83c\udfef": "neutre", "\u2602": "neutre", "\ud83d\udd2d": "neutre", "\ud83c\udfaa": "neutre", "\ud83d\udc1c": "positif", "\u264c": "positif", "\u2610": "negatif", "\ud83d\udc77": "positif", "\u21b3": "neutre", "\ud83d\udd08": "neutre", "\ud83d\udcc4": "positif", "\ud83d\udccd": "neutre", "\ud83d\ude90": "positif", "\ud83d\ude94": "neutre", "\ud83c\udf0b": "positif", "\ud83d\udce1": "positif", "\u23e9": "neutre", "\ud83d\udeb3": "positif", "\u2718": "positif", "\u06de": "neutre", "\u263e": "neutre", "\ud83c\udd70": "positif", "\ud83d\udce5": "neutre", "\ud83c\uddfc": "neutre", "\u2513": "positif", "\u2523": "positif", "\u24c1": "neutre", "\u24ba": "neutre", "\ud83d\udd26": "neutre", "\ud83d\udc64": "positif", "\ud83d\ude81": "neutre", "\ud83c\udfa0": "positif", "\ud83d\udc01": "neutre", "\ud83d\udcd7": "neutre", "\u2510": "neutre", "\u262e": "negatif", "\u2642": "neutre", "\u25de": "neutre", "\ud83d\udcef": "neutre", "\ud83d\udd29": "neutre", "\ud83d\udc62": "positif", "\u25c2": "neutre", "\ud83d\udcf0": "positif", "\ud83d\udcf6": "neutre", "\ud83d\udea5": "neutre", "\ud83c\udf04": "neutre", "\ud83d\uddfe": "neutre", "\ud83d\udd36": "neutre", "\ud83c\udfe4": "neutre", "\ud83c\udfa9": "neutre", "\u24c2": "positif", "\ud83d\udd27": "negatif", "\ud83d\udc05": "neutre", "\u266e": "neutre", "\ud83c\udd7e": "neutre", "\ud83d\udd04": "neutre", "\u2604": "neutre", "\u2628": "neutre", "\ud83d\udce6": "neutre", "\ud83d\ude8a": "positif", "\ud83d\udd32": "positif", "\ud83d\udd01": "neutre", "\u25b3": "neutre", "\ud83d\udcc6": "positif", "\u275b": "neutre", "\ud83d\udcc9": "neutre", "\u25b5": "neutre", "\ud83d\udd0e": "positif", "\u261c": "neutre", "\ud83c\uddef": "neutre", "\ud83c\uddf5": "neutre", "\ud83d\udcd8": "positif", "\u2721": "neutre", "\u24d4": "positif", "\ud83d\udd11": "positif", "\ud83d\udd03": "neutre", "\ud83d\udc43": "negatif", "\u2b55": "neutre", "\ud83d\udd18": "neutre", "\u24d2": "negatif", "\ud83d\udead": "positif", "\ud83d\ude89": "positif", "\ud83d\udeaa": "positif", "\u27b3": "neutre", "\ud83d\ude83": "positif", "\u252f": "neutre", "\ud83c\udfec": "neutre", "\u263d": "neutre", "\ud83c\udd99": "neutre", "\ud83c\udd96": "positif", "\u262a": "neutre", "\u2517": "positif", "\ud83d\udeae": "negatif", "\u252b": "neutre", "\u24c4": "neutre", "\u2747": "positif", "\u2734": "positif", "\u250c": "neutre", "\u260a": "positif", "\ud83d\udd15": "negatif", "\u2b1b": "negatif", "\u275d": "neutre", "\u275e": "neutre", "\ud83d\ude9e": "positif", "\ud83c\udf76": "positif", "\ud83c\udf10": "positif", "\u2640": "neutre", "\ud83d\ude85": "positif", "\ud83d\ude92": "neutre", "\u27a3": "neutre", "\u264b": "neutre", "\u264d": "positif", "\ud83d\udd5d": "neutre", "\u24d0": "positif", "\u2717": "neutre", "\ud83d\udcd9": "positif", "\u24c8": "neutre", "\ud83d\udccb": "positif", "\u21e2": "neutre", "\ud83c\udfb1": "positif", "\ud83d\udc1e": "neutre", "\ud83d\udd3a": "neutre", "\u24e1": "positif", "\ud83c\udf8d": "neutre", "\u2664": "positif", "\ud83c\udfb2": "neutre", "\ud83c\udfaf": "positif", "\u3020": "neutre", "\ud83d\udd09": "positif", "\u21a9": "positif", "\ud83d\udebe": "neutre", "\ud83c\udfa3": "negatif", "\ud83d\udd23": "neutre", "\u274e": "negatif", "\u27a5": "neutre", "\ud83c\udd71": "neutre", "\ud83c\udf8c": "positif", "\u25e3": "neutre", "\u23ec": "positif", "\u266d": "neutre", "\ud83d\udca0": "neutre", "\u24de": "positif", "\ud83d\udd33": "neutre", "\ud83c\udfed": "neutre", "\ud83d\udd30": "neutre", "\ud83c\udfb3": "neutre", "\u261a": "positif", "\u27bd": "neutre", "\u27ab": "neutre", "\u2796": "negatif", "\ud83c\udfee": "neutre", "\ud83d\udcdb": "neutre", "\ua4b0": "neutre", "\ua4b1": "neutre", "\u25dd": "neutre", "\ud83d\udcd1": "positif", "\ud83c\udfa6": "neutre", "\u24e7": "positif", "\ud83c\udde8": "neutre", "\ud83c\uddf3": "neutre", "\ud83d\udd1f": "positif", "\u3013": "positif", "\u24dc": "neutre", "\u27a0": "positif", "\ud83d\ude86": "neutre", "\ud83d\udea0": "neutre", "\u2105": "negatif", "\u2603": "neutre", "\ud83d\udebd": "positif", "\ud83d\udcd0": "neutre", "\u24dd": "positif", "\u272e": "neutre", "\u21e6": "positif", "\ud83d\udc72": "neutre", "\ud83d\udea1": "neutre", "\ud83c\udf91": "neutre", "\ud83d\udd2c": "positif", "\u2797": "neutre", "\ud83d\udcc8": "neutre", "\u2318": "neutre", "\u23ea": "neutre", "\u2579": "neutre", "\u25ce": "positif", "\ud83d\udd3c": "neutre", "\ua4a6": "negatif", "\ud83d\udcce": "positif", "\u2445": "positif", "\u235d": "neutre", "\ud83d\udcc1": "neutre", "\u272d": "positif", "\u27b2": "neutre", "\u2653": "neutre", "\u250f": "positif", "\u2607": "positif", "\u267a": "neutre", "\u265e": "neutre", "\u0fce": "negatif", "\ud83d\udce0": "neutre", "\ud83d\udc58": "positif", "\u2199": "positif", "\u24bb": "neutre", "\u24cc": "neutre", "\u24c5": "neutre", "\ud83d\udd51": "neutre", "\ud83d\udcbd": "neutre", "\ud83d\udd5b": "positif", "\ud83c\udfab": "neutre", "\u2648": "negatif", "\ud83d\udcdf": "neutre", "\u2103": "neutre", "\u21ac": "positif", "\ud83d\udd52": "neutre", "\ud83c\uddf0": "neutre", "\u21b1": "neutre", "\u270d": "positif", "\u21d0": "neutre", "\ud83c\udfe6": "positif", "\ud83d\udd3b": "positif", "\u24df": "positif", "\u24d5": "positif", "\u24d8": "positif", "\u267f": "positif", "\u21d7": "positif", "\u21d8": "positif", "\u24e8": "positif", "\u24d9": "positif", "\u25ab": "positif", "\ud83d\udd07": "positif", "\u2303": "negatif", "\ud83d\udd16": "positif", "\ud83d\udcdc": "positif", "\u264f": "neutre", "\ud83d\ude9d": "positif", "\u2622": "neutre", "\ud83c\udf8f": "neutre", "\u2518": "negatif", "\u271d": "negatif", "\u2756": "neutre", "\u2363": "negatif", "\ud83d\udcee": "negatif", "\ud83d\udd55": "negatif", "\ud83c\udded": "neutre", "\u25dc": "neutre", "\ud83d\udd2f": "positif", "\u27b8": "positif", "\ua4b5": "positif", "\ud83d\udd65": "negatif", "\u2659": "neutre", "\u25bf": "neutre", "\u2683": "neutre", "\u273d": "positif", "\ud83d\udcfc": "positif", "\ud83d\udd50": "negatif", "\ud83c\udc04": "positif", "\u273e": "neutre", "\u272c": "positif", "\ud83c\udd91": "neutre", "\u272b": "positif", "\ud83d\udd54": "negatif", "\u2763": "positif", "\u27b1": "neutre", "\ud83c\udd95": "neutre", "\u27a2": "neutre", "\u2195": "neutre", "\ud83d\udceb": "positif", "\ud83c\ude50": "positif", "\u264a": "neutre", "\ud83c\ude02": "negatif", "\ud83c\udfb0": "negatif", "\u0482": "negatif", "\u2564": "negatif", "\u279b": "neutre", "\u265d": "neutre", "\u274b": "neutre", "\u2706": "neutre", "\ud83d\udcd4": "positif"}