{
  "#OnACeQuelOnMerite" : "negatif",
  "#unvaliumvite" : "negatif",
  "#unsketchaelletouteseule" : "negatif",
  "#stopfn7mai…" : "negatif",
  "#boulet" : "negatif",
  "#queduvent" : "negatif",
  "#2017LeDebat..oui" : "positif",
  "#marâtre" : "negatif",
  "#ExitFN" : "negatif",
  "#horreur" : "negatif",
  "#LaMarineACoulé]" : "negatif",
  "#LepenGate" : "negatif",
  "#lafrancebleumoisi" : "negatif",
  "#degagisme" : "negatif",
  "#merci" : "positif",
  "#ImpostureFN" : "negatif",
  "#RelisTesFichesMarine" : "negatif",
  "#niabstention" : "positif",
  "#SansMoiLeDebat" : "negatif",
  "#StopAuxMensonges" : "negatif",
  "#MacronLaBavouille" : "negatif",
  "#tocard…" : "negatif",
  "#PasdeProgrammePourLePen" : "negatif",
  "#marinepèteuncable" : "negatif",
  "#goodluck" : "positif",
  "#Vocifération" : "negatif",
  "#mytho" : "negatif",
  "#pauvredébat" : "negatif",
  "#NOFN2017" : "negatif",
  "#EmmanuelMacronPrésident" : "positif",
  "#OKLM" : "positif",
  "#nonalepen" : "negatif",
  "#LaForceduPeuple" : "positif",
  "#jevotemacron" : "positif",
  "#flippant" : "negatif",
  "#jesuispour" : "positif",
  "#Çafaitpeur" : "negatif",
  "#JeVoteElledegage" : "negatif",
  "#neversaynever" : "positif",
  "#EducationMatters" : "positif",
  "#Faux" : "negatif",
  "#espritdedéfaite" : "negatif",
  "#FakeNews" : "negatif",
  "#EmmanuelMacron." : "negatif",
  "#grandepeste" : "negatif",
  "#toutsaufmarie" : "negatif",
  "#Degagez" : "negatif",
  "#VOTERMARINE" : "positif",
  "#incompétente" : "negatif",
  "#TitatinicLePen" : "negatif",
  "#ARejeter" : "negatif",
  "#puteeee" : "negatif",
  "#pleurnichard" : "negatif",
  "#Celle-dont-on-ne-doit-pas-prononcer-le-nom" : "negatif",
  "#Admiration" : "positif",
  "#coursderécré…" : "negatif",
  "#Pathétique" : "negatif",
  "#C'estLaPhraseQuiResteraDansLesAnnales" : "positif",
  "#VotonsLe6Mai" : "positif",
  "#ballot" : "negatif",
  "#LePenNon" : "negatif",
  "#pasphoto" : "positif",
  "#marinelepenrendlepognon" : "negatif",
  "#onsaitjamais" : "positif",
  "#MacronEstFou" : "negatif",
  "#GerardLangueDePute" : "negatif",
  "#intox" : "negatif",
  "#TitanicLePen." : "negatif",
  "#macronleventilateur" : "negatif",
  "#VEAUX_tants" : "negatif",
  "#Fachosphere" : "negatif",
  "#Coherence" : "positif",
  "#déception" : "negatif",
  "#aucunprogramme" : "negatif",
  "#Toutestdit" : "positif",
  "#j'aime" : "positif",
  "#ilsontbossedur" : "positif",
  "#stoplepen" : "negatif",
  "#fuite" : "negatif",
  "#WellDone" : "positif",
  "#FHAine" : "negatif",
  "#regret" : "negatif",
  "#FallaitVoterAsselineau" : "negatif",
  "#7MaiContreLepen" : "negatif",
  "#desprofspourtous" : "positif",
  "#RendezNousFillon" : "negatif",
  "#lePenJamais" : "negatif",
  "#Triste." : "negatif",
  "#sansMoiLe7mai" : "negatif",
  "#JesuisRepublicain" : "positif",
  "#NonALepen" : "negatif",
  "#SansNousLe7Mai" : "negatif",
  "#VoterMacron" : "positif",
  "#QuelleIndignité" : "negatif",
  "#renouveau" : "positif",
  "#ElectionDeMerde" : "negatif",
  "#rendeznousMelenchon" : "negatif",
  "#JeSuisNathalie" : "positif",
  "#putain5ans" : "negatif",
  "#JEVOTEMACRON" : "positif",
  "#demence" : "negatif",
  "#StopMacron" : "negatif",
  "#JeVoteBlanc" : "negatif",
  "#Fachos," : "negatif",
  "#poudredeperlimpinpin" : "negatif",
  "#marchandeDeTapis…" : "negatif",
  "#aucunprojets." : "negatif",
  "#Enmarchele7mai" : "positif",
  "#Dégageonsla" : "negatif",
  "#EnMarche.fr!" : "positif",
  "#malaisetv" : "negatif",
  "#CharitéHopital" : "negatif",
  "#JamaisleFN" : "negatif",
  "#atterré" : "negatif",
  "#liberté" : "positif",
  "#Jcomprendraijamais" : "negatif",
  "#Patriote" : "positif",
  "#CauseAnimale" : "negatif",
  "#jesuislepeuple" : "positif",
  "#OnVautMieuxQueÇa!" : "negatif",
  "#ToutSaufMacron," : "negatif",
  "#rendeznousMelenchons" : "negatif",
  "#TitanicMarine" : "negatif",
  "#MacronSansAdhesion" : "negatif",
  "#MacronNonMerci" : "negatif",
  "#JePleureMaFrance" : "negatif",
  "#sacdebétises" : "negatif",
  "#JeSuis" : "positif",
  "#sorcière" : "negatif",
  "#CestDead…" : "negatif",
  "#undebatpourrien" : "negatif",
  "#ElleMAgace" : "negatif",
  "#JeVoteElleDegage" : "negatif",
  "#thereisnoplanetb" : "negatif",
  "#OnVautMieuxQueCa" : "negatif",
  "#epicfacepalm" : "negatif",
  "#niMarinenilepen" : "negatif",
  "#Radote" : "negatif",
  "#TheEnd" : "negatif",
  "#TuVasPerdre" : "negatif",
  "#cougar" : "negatif",
  "#PÉDOPHILE" : "negatif",
  "#engagerlavenir" : "positif",
  "#indigne…" : "negatif",
  "#FakePolitique" : "negatif",
  "#JeVoteMacron." : "positif",
  "#NoPasaran" : "negatif",
  "#JeVoteMacron…" : "positif",
  "#MalaiseTV." : "negatif",
  "##NaufrageLePen" : "negatif",
  "#SouffranceAnimale" : "negatif",
  "#nonauFN" : "negatif",
  "#mitigée" : "negatif",
  "#grossièreté" : "negatif",
  "#clair" : "positif",
  "#Melenchonjtm" : "positif",
  "#JeVoteMacronbravo" : "positif",
  "#jenesuispasfollevoussavez" : "negatif",
  "#Vrai" : "positif",
  "#denidedemocratie" : "negatif",
  "#hallu" : "negatif",
  "#A.MORT.FN" : "negatif",
  "#Craquage" : "negatif",
  "#Lolilol" : "negatif",
  "#toutsaufmacron" : "negatif",
  "#PrésidentielleDébat" : "negatif",
  "#toutvabien" : "negatif",
  "#ElleEstNulle" : "negatif",
  "#obsolète" : "negatif",
  "#cassetoipovconne" : "negatif",
  "#levide" : "negatif",
  "#peupleinsoumis" : "positif",
  "#auxurnes" : "positif",
  "#ProgrammeVide" : "negatif",
  "#jpp" : "negatif",
  "#travailfictif" : "negatif",
  "#FonceManu" : "positif",
  "#useless" : "negatif",
  "#ToutReconstruire" : "positif",
  "#sanssolution" : "negatif",
  "#EnMarcheEtEnPaix" : "positif",
  "#NiPesteNiCholera" : "negatif",
  "#Dead" : "negatif",
  "#MerciMacron" : "positif",
  "#noyade" : "negatif",
  "#ouidaccord" : "positif",
  "#JEVOTE" : "positif",
  "#serialmytho" : "negatif",
  "#EllePlaneGrave" : "negatif",
  "#NIMP" : "negatif",
  "#ImpostureMacron" : "negatif",
  "#FNJamais" : "negatif",
  "#Honte" : "negatif",
  "#victoire." : "negatif",
  "#voteblanc" : "negatif",
  "#Menteur" : "negatif",
  "#DegageonsLes" : "negatif",
  "#parodiededemocratie" : "negatif",
  "#ExploitantsDeLaColère\"." : "negatif",
  "#échec" : "negatif",
  "#cnews…" : "negatif",
  "#bfn" : "negatif",
  "#Misère" : "negatif",
  "#JeVomisLepen" : "negatif",
  "#nofutur" : "negatif",
  "#sorcellerie" : "negatif",
  "#catastropheenvue" : "negatif",
  "#languedebois" : "negatif",
  "#lemesquin" : "negatif",
  "#RIP" : "negatif",
  "#Joie" : "positif",
  "#Attaque" : "negatif",
  "#fachosphere" : "negatif",
  "#macronprésident" : "positif",
  "#handicapé." : "negatif",
  "#bim" : "negatif",
  "#hautain" : "negatif",
  "#Ouille" : "negatif",
  "#gênante" : "negatif",
  "#Rance" : "negatif",
  "#catastrophique" : "negatif",
  "#pauvreFrance" : "negatif",
  "#réagissez" : "negatif",
  "#LePenJamais" : "negatif",
  "#perlimpinpin" : "negatif",
  "#macronestresponsablede" : "negatif",
  "#pestebrune" : "negatif",
  "#nilepennimacron" : "negatif",
  "#Fieredevous" : "positif",
  "#BossDeFin" : "positif",
  "#ChoisirLaFrance" : "positif",
  "#socute" : "positif",
  "#votons" : "positif",
  "#coupezluisonmicro" : "negatif",
  "#incohérence" : "negatif",
  "#LePenOut" : "negatif",
  "#jevotemonpresidentEmmanuelMacron" : "negatif",
  "#enjoy…" : "positif",
  "#punchline" : "positif",
  "#instantNabilla" : "negatif",
  "#2017ladebacle." : "negatif",
  "#chercherlerreur" : "negatif",
  "#whaaaat" : "negatif",
  "#hontemarine" : "negatif",
  "#fascistes" : "negatif",
  "#faiblessedargument" : "negatif",
  "#JamaisFN" : "negatif",
  "#lePenNON" : "negatif",
  "#Autistes" : "negatif",
  "#reveillezvous" : "negatif",
  "#réconcilier" : "positif",
  "#con," : "negatif",
  "#NonAuFHaine" : "negatif",
  "#FOLLE!!!" : "negatif",
  "#rendeznousmélenchon" : "negatif",
  "#justice," : "positif",
  "#humour" : "positif",
  "#LePenJamais." : "negatif",
  "#noob" : "negatif",
  "#dynastielepen" : "negatif",
  "#MarineRendsLeDiscours" : "negatif",
  "#nimarinenimacron" : "negatif",
  "#angoisse" : "negatif",
  "#PasÀLaHauteur" : "negatif",
  "#lepiredetous" : "negatif",
  "#TEAMJBZZ" : "negatif",
  "#bye" : "negatif",
  "#Sheitan" : "negatif",
  "#violencesàenfants" : "negatif",
  "#Deception" : "negatif",
  "#pidiota." : "negatif",
  "#PlusJamaisCa" : "negatif",
  "#LeCandidatÀPlatVentre" : "negatif",
  "#Bordel" : "negatif",
  "#jevotemarcon" : "positif",
  "#InquiétanteAuPossible" : "negatif",
  "#Moutons" : "negatif",
  "#LePenIsOut" : "negatif",
  "#nonchalance" : "negatif",
  "#nulle" : "negatif",
  "#MalaiseTv" : "negatif",
  "#CaVoleBas" : "negatif",
  "#quandçapartencouilles" : "negatif",
  "#JeVireLepen" : "negatif",
  "#elleracontenimportequoi" : "negatif",
  "#nullissime" : "negatif",
  "#ELLENENVAUTPASLEPEN" : "negatif",
  "#SOSmonPaysabesoindaide" : "negatif",
  "#FNGate" : "negatif",
  "#admiration" : "positif",
  "#le7maijevote" : "positif",
  "#Pitoyable." : "negatif",
  "#JPP" : "negatif",
  "#MarineRendsLArgent." : "negatif",
  "#neproposerien" : "negatif",
  "#MasoBonjour" : "negatif",
  "#7maicontreLePen" : "negatif",
  "#LaPen" : "negatif",
  "#JeRegretteFillon" : "negatif",
  "#JeneComprendsRien" : "negatif",
  "#intelligence" : "negatif",
  "#EnMarcheforcée" : "negatif",
  "#Niveau0" : "negatif",
  "#ecoeuré" : "negatif",
  "#humilitude" : "negatif",
  "#abstentionrecord" : "negatif",
  "#Loupé." : "negatif",
  "#dinerdecons" : "negatif",
  "#NonAuF-Haine" : "negatif",
  "#miseredemisere" : "negatif",
  "#fightclub" : "negatif",
  "#MurDesCons" : "negatif",
  "#bravofrère" : "positif",
  "#MalaiseTV" : "negatif",
  "#Couguar…" : "negatif",
  "#excellent" : "positif",
  "#MERDE" : "negatif",
  "#respect" : "positif",
  "#fn=mensonge" : "negatif",
  "#jusquaubout" : "positif",
  "#cestquilepatroncestmacron" : "positif",
  "#misérabilisme" : "negatif",
  "#RIP🇫🇷" : "negatif",
  "#SauvonslaFrance" : "positif",
  "#Empathie…" : "positif",
  "#SansMoiLe7Mai" : "negatif",
  "#jevoteMacron." : "positif",
  "#rassemblement" : "positif",
  "#Tesavocateonsenbatlescouilles" : "negatif",
  "#Violons" : "negatif",
  "#SortonsLePen" : "negatif",
  "#lagressivite" : "negatif",
  "#jevoteMacron…" : "negatif",
  "#vraiequestion" : "positif",
  "#micromacron," : "negatif",
  "#Flop" : "negatif",
  "#remboursement" : "negatif",
  "#MLPlamentable" : "negatif",
  "#okjesors)!!" : "negatif",
  "#TaGueuleMarine" : "negatif",
  "#coupdegueule" : "negatif",
  "#BanMacron" : "negatif",
  "#elleaprisuntruccestpaspossible" : "negatif",
  "#lepen2017!" : "negatif",
  "#incompetence." : "negatif",
  "#vivementquecesoitfini" : "negatif",
  "#Mensonge" : "negatif",
  "#peace" : "positif",
  "#PresidentMaisPasMajoritaire" : "negatif",
  "#marinepresidente" : "positif",
  "#tocard" : "negatif",
  "#gomacron" : "positif",
  "#SOS" : "negatif",
  "#irrespect" : "negatif",
  "#LaFranceMériteMieuxQueLePen" : "negatif",
  "#Idiots" : "negatif",
  "#MacronPrésident" : "positif",
  "#fachoNonMerci" : "negatif",
  "#mensonges." : "negatif",
  "#marinelepenmamuse" : "positif",
  "#DarkVador" : "negatif",
  "#marinealecoledejournalisme" : "negatif",
  "#MacronAPeurDeMarine" : "negatif",
  "#PointDécathlon" : "negatif",
  "#tristesse…" : "negatif",
  "#IlEstOuLeProjet" : "negatif",
  "#FillonRendLArgent" : "negatif",
  "#PauvreMarine" : "negatif",
  "#alaschlag" : "negatif",
  "#outlepen" : "negatif",
  "#fhaine" : "negatif",
  "#rires" : "positif",
  "#Poussif" : "negatif",
  "#indépendance" : "negatif",
  "#Mensonges" : "negatif",
  "#barrederire" : "positif",
  "#honte" : "negatif",
  "#bravo" : "positif",
  "#cassonsnous" : "negatif",
  "#le7maiJeVoteMacron" : "positif",
  "#Irresponsabilite" : "negatif",
  "#DebatMaternelle" : "negatif",
  "#couragedelaverite" : "negatif",
  "#LaBlonde" : "negatif",
  "#Poudredeperlimpinpin" : "negatif",
  "#RespecteToiMLP" : "negatif",
  "#Vulgarité" : "negatif",
  "#PasMaPrésidente" : "negatif",
  "#Parasite" : "negatif",
  "#pasdeprojet" : "negatif",
  "#Ironie" : "negatif",
  "#foutagedegueule" : "negatif",
  "#laFrancedigne" : "positif",
  "#Faillite" : "negatif",
  "#Minable" : "negatif",
  "#parasite" : "negatif",
  "#murdescons" : "negatif",
  "#yacommeunbuglà" : "negatif",
  "#bonnerigolade" : "positif",
  "#RepliqueDeDébile" : "negatif",
  "#lesenvahisseurs" : "negatif",
  "#Passable" : "negatif",
  "#MarineSansProgramme" : "negatif",
  "#affligeante" : "negatif",
  "#teteaclaques" : "negatif",
  "#mensonge" : "negatif",
  "#Paslepen" : "negatif",
  "#DégageMarine" : "negatif",
  "#plaggiat" : "negatif",
  "#madamemensonges" : "negatif",
  "#TeamFrance" : "negatif",
  "#peur" : "negatif",
  "#lafuite" : "negatif",
  "#ellemagace." : "negatif",
  "#JamaisPrésidente" : "negatif",
  "#Connerie" : "negatif",
  "#voterutile" : "negatif",
  "#AuxfraisesMacron" : "negatif",
  "#MacronGate" : "negatif",
  "#Mélenchon.Macron" : "negatif",
  "#faiblesse" : "negatif",
  "#aplatventre" : "negatif",
  "#LaHaine…" : "negatif",
  "#hystérique" : "negatif",
  "#JevoteMacron" : "positif",
  "#EtBing" : "negatif",
  "#SouillageEnDirect" : "negatif",
  "#présidentiable" : "positif",
  "#VotonsMacron" : "positif",
  "#GoodGame" : "negatif",
  "#Intox" : "negatif",
  "#Respect" : "positif",
  "#ausecours" : "negatif",
  "#perlimpimpin!" : "negatif",
  "#RendezMoiMes2hDeVie" : "negatif",
  "#çapartencouilles" : "negatif",
  "#BarrageAuFN" : "negatif",
  "#fakenews" : "negatif",
  "#FlopExtremeDroite" : "negatif",
  "#SOUTINE" : "positif",
  "#ContreLeFN" : "negatif",
  "#MisEnExamen" : "negatif",
  "#Salopeeeee" : "negatif",
  "#PasAuNiveau" : "negatif",
  "#ontouchelefond" : "negatif",
  "#TitanicLepen" : "negatif",
  "#laschlag!" : "negatif",
  "#plusjamaislefn" : "negatif",
  "#mercipourcemoment" : "positif",
  "#byebyeMarine" : "negatif",
  "#PasLePenDEssayer" : "negatif",
  "#oupas" : "negatif",
  "#jamais" : "negatif",
  "#SansMoiLe7Mai…" : "negatif",
  "#vomir" : "negatif",
  "#sortezla" : "negatif",
  "#SansMoiLe7Mai:" : "negatif",
  "#SansMoiLe7Mai?" : "negatif",
  "#JeVotePasMacron" : "negatif",
  "#vivemacron" : "positif",
  "#votezmytho" : "negatif",
  "#incompetence" : "negatif",
  "#KOdebout" : "negatif",
  "#Consterné" : "negatif",
  "#OnEnVeutPas" : "negatif",
  "#mediocrité" : "negatif",
  "#pauvrefrance" : "negatif",
  "#schlag" : "negatif",
  "#craquage" : "negatif",
  "#Cuck" : "negatif",
  "#MaisTaisezVous" : "negatif",
  "#complotspourlesnuls" : "negatif",
  "#cretine" : "negatif",
  "#vivelafrance" : "positif",
  "#jevaismecoucher" : "negatif",
  "#manipulation" : "negatif",
  "#jevotemacron," : "positif",
  "#beurk" : "negatif",
  "#macronafaitletaf" : "positif",
  "#7MaiContreLePen" : "negatif",
  "#PD" : "negatif",
  "#plusdimmunité" : "negatif",
  "#femmefolle" : "negatif",
  "#JamaisMacron" : "negatif",
  "#Trumpy" : "negatif",
  "#nausée" : "negatif",
  "#désarroi" : "negatif",
  "#macrondegage" : "negatif",
  "#arabes," : "negatif",
  "#Immaturité" : "negatif",
  "#NONlepen" : "negatif",
  "#autosuicide" : "negatif",
  "#Miss" : "negatif",
  "#Hysterie" : "negatif",
  "#NotMyPresident" : "negatif",
  "#SortonsMacron" : "negatif",
  "#bobo" : "negatif",
  "#Bim" : "negatif",
  "#F-Haine" : "negatif",
  "#fiable" : "positif",
  "#lavérité" : "positif",
  "#true" : "positif",
  "#etpaf" : "negatif",
  "#LePenNON" : "negatif",
  "#MarineLeNaufrage" : "negatif",
  "#chut" : "negatif",
  "#MacronGates…" : "negatif",
  "#NAUFRAGE" : "negatif",
  "#MarinePresidente" : "positif",
  "#jamaisMacron" : "negatif",
  "#ladéglingue" : "negatif",
  "#MLP2017Fail" : "negatif",
  "#VoteMarine" : "positif",
  "#PasLaPen" : "negatif",
  "#tragique" : "negatif",
  "#stopMLP" : "negatif",
  "#World4Marine" : "positif",
  "#lepenestbattue" : "negatif",
  "#dtc" : "negatif",
  "#onlacherien" : "negatif",
  "#voleur" : "negatif",
  "#gauchetarée" : "negatif",
  "#PourMacronEncore" : "positif",
  "#calme" : "negatif",
  "#JeVoteMarine" : "negatif",
  "#EXITMLP" : "negatif",
  "#bienveillance" : "positif",
  "#Ridicule" : "negatif",
  "#shame" : "negatif",
  "#ViveLePen" : "positif",
  "#SuicideFNendirect" : "negatif",
  "#Dégage" : "negatif",
  "#clanpin" : "negatif",
  "#Autodestruction" : "negatif",
  "#tristeviederriereMarine" : "negatif",
  "#manulebon" : "positif",
  "#AReculons" : "negatif",
  "#Macron/vacuité" : "negatif",
  "#schlague" : "negatif",
  "#fonceManu" : "positif",
  "#fraude2017" : "negatif",
  "#jevoteMacron" : "positif",
  "#levideparvide" : "negatif",
  "#Foutagedegueule" : "negatif",
  "#Triste" : "negatif",
  "#momentgênant" : "negatif",
  "#fail" : "negatif",
  "#toutestdit" : "positif",
  "#fake" : "negatif",
  "#fierdevoterMacron" : "positif",
  "#tatazinzin" : "negatif",
  "#misérabilisme:" : "negatif",
  "#barrageauFN" : "negatif",
  "#inaudible" : "negatif",
  "#TousEnsemble" : "positif",
  "#Gaminerie" : "negatif",
  "#Ignorance" : "negatif",
  "#VivelaFrance" : "positif",
  "#AChier" : "negatif",
  "#LOL" : "negatif",
  "#professeur" : "positif",
  "#futurpresident" : "positif",
  "#clapdefin" : "negatif",
  "#Gorille" : "negatif",
  "#DehorsLaGauche" : "negatif",
  "#NTM_FN…" : "negatif",
  "#LaVéritéÉclatera" : "negatif",
  "#tousdansledeni" : "negatif",
  "#stopfn" : "negatif",
  "#Gueugnon" : "negatif",
  "#PauvreFrance" : "negatif",
  "#larrogante" : "negatif",
  "#QuiVeutDonnerDesCoursDeconomieALepen" : "negatif",
  "#MacronSurPlanèteRap" : "negatif",
  "#JusticeADoubleVitesse" : "negatif",
  "#fake…" : "negatif",
  "#manipulationmentale" : "negatif",
  "#lamentable" : "negatif",
  "#tantmieux" : "positif",
  "#PasUneVoixPourLeFN" : "negatif",
  "#misereintelectuelle" : "negatif",
  "#Mytho" : "negatif",
  "#exitlepen" : "negatif",
  "#ko" : "negatif",
  "#Voilà" : "positif",
  "#heureusementquelleasesfiches" : "negatif",
  "#bonsens" : "positif",
  "#OnEstPasDesMoutons" : "negatif",
  "#Dégagez" : "negatif",
  "#jamaismacron" : "negatif",
  "#MacronPiegeACons" : "negatif",
  "#MLPvousêtesridicule" : "negatif",
  "#cancers" : "negatif",
  "#macrongate" : "negatif",
  "#marinedegage" : "negatif",
  "#jezappeledebat" : "negatif",
  "#marinevoldemortmêmecombat" : "negatif",
  "#AntiFN" : "negatif",
  "#votezMacron" : "positif",
  "#riendanslefond" : "negatif",
  "#JeNeVotePasMacron" : "negatif",
  "#votonsmacron" : "positif",
  "#naufrage" : "negatif",
  "#fautifs" : "negatif",
  "#iamwithhim." : "positif",
  "#MacronPresident…" : "positif",
  "#Merde" : "negatif",
  "#vive" : "positif",
  "#AntiFn" : "negatif",
  "#Merci" : "positif",
  "#JamaisMaPresidente" : "negatif",
  "#Aboyeuse" : "negatif",
  "#CONTRELEXTREMEDROITE" : "negatif",
  "#tousauxabris" : "negatif",
  "#RacismeHypocrite" : "negatif",
  "#SortonsLepen" : "negatif",
  "#presidentencartonbonjour" : "negatif",
  "#elleestfolle" : "negatif",
  "#smart" : "positif",
  "#abaslepen" : "negatif",
  "#DébatDeMerde" : "negatif",
  "#bienveillante" : "positif",
  "#mythomane" : "negatif",
  "#BFMacron" : "negatif",
  "#StopFN" : "negatif",
  "#abstention" : "negatif",
  "#arriviste" : "negatif",
  "#fakenews.." : "negatif",
  "#garantederiendutout" : "negatif",
  "#MacronDégage" : "negatif",
  "#fuckleFN" : "negatif",
  "#MLP2017" : "negatif",
  "#votezmacron" : "positif",
  "#debatdegeulasse" : "negatif",
  "#jesaispasdebattre" : "negatif",
  "#pasmapresidente" : "negatif",
  "#DeuxGamins" : "negatif",
  "#folle" : "negatif",
  "#Naufrage" : "negatif",
  "#NiPesteNiCholéra" : "negatif",
  "#Rendslargent" : "negatif",
  "#programmeencarton" : "negatif",
  "#TeamMacron" : "positif",
  "#incompetente" : "negatif",
  "#antiFN" : "negatif",
  "#onestpasdanslamerde" : "negatif",
  "#CourDécole" : "negatif",
  "#misere" : "negatif",
  "#niqueMLP" : "negatif",
  "#lepensouffrance" : "negatif",
  "#nilunnilautre" : "negatif",
  "#puteàvoix" : "negatif",
  "#folie" : "negatif",
  "#Imposture" : "negatif",
  "#Annulation" : "negatif",
  "#genant" : "negatif",
  "#stopLepen" : "negatif",
  "#stopauxidioties" : "negatif",
  "#macronpresident" : "positif",
  "#TropHonte" : "negatif",
  "#fraude" : "negatif",
  "#pasalahauteur" : "negatif",
  "#jaipeurpourdimanche" : "negatif",
  "#LesRavagesDuLSD" : "negatif",
  "#gene" : "negatif",
  "#jsuisauboutdemavie" : "negatif",
  "#AvecMacron…" : "positif",
  "#naufrage..." : "negatif",
  "#VivementLesLegislatives" : "negatif",
  "#parasite!" : "negatif",
  "#jevotemarin...(je" : "negatif",
  "#lafarce" : "negatif",
  "#menteuse" : "negatif",
  "#Risible." : "negatif",
  "#lependegage" : "negatif",
  "#bagarre" : "negatif",
  "#MythoDeClasseMondiale" : "negatif",
  "#LaJeunesseEnculeLeFrontNational" : "negatif",
  "#ToutSaufLepen" : "negatif",
  "#MarineLaHaine" : "negatif",
  "#JASSUME" : "negatif",
  "#JaiMalAMaFrance" : "negatif",
  "#ÉviterLepen" : "negatif",
  "#LeRidiculeTue" : "negatif",
  "#Ausecours" : "negatif",
  "#plagiat" : "negatif",
  "#Voldemort" : "negatif",
  "#généreuse" : "positif",
  "#aggressive." : "negatif",
  "#Errance" : "negatif",
  "#ringarde" : "negatif",
  "#doute!" : "negatif",
  "#cestpasmafranceàmoi" : "negatif",
  "#cestquilemouton" : "negatif",
  "#CoupDeGueule" : "negatif",
  "#gueugnon\"negatif" : "negatif",
  "#stopFN" : "negatif",
  "#stop…" : "negatif",
  "#MacronCestNON" : "negatif",
  "#Fakenews" : "negatif",
  "#ViveMacron" : "positif",
  "#dégage" : "negatif",
  "#Macronette" : "negatif",
  "#nul" : "negatif",
  "#BesoinDAir" : "negatif",
  "#TitanicLePen" : "negatif",
  "#BrillanteIdée" : "positif",
  "#PasLePendEssayer" : "negatif",
  "#PédophiliePourTous" : "negatif",
  "#Insupportable" : "negatif",
  "#DangerMacron…" : "negatif",
  "#pipeau" : "negatif",
  "#honteux" : "negatif",
  "#perlimpinpin…" : "negatif",
  "#optimisme" : "positif",
  "#3615jenenpeuxplus" : "negatif",
  "#Le7maiMacronCestNon" : "negatif",
  "#AucunProfessionnalisme" : "negatif",
  "#FhaiNe" : "negatif",
  "#Macronsansadhesion" : "negatif",
  "#conne" : "negatif",
  "#DictatureBancaire" : "negatif",
  "#jaimalamafrance" : "negatif",
  "#CombatDeChien" : "negatif",
  "#insupportable" : "negatif",
  "#CostumeTropGrand" : "negatif",
  "#affligeant" : "negatif",
  "#Aufond" : "negatif",
  "#Agaçante" : "negatif",
  "#marinelagamine" : "negatif",
  "#Corruption" : "negatif",
  "#tagueulemarine" : "negatif",
  "#Abstention" : "negatif",
  "#MarineRendsLargent" : "negatif",
  "#Harakiri" : "negatif",
  "#DangerMacron" : "negatif",
  "#MarineLePenc'estuneblague" : "negatif",
  "#Pitoyable" : "negatif",
  "#soumis" : "negatif",
  "#minable" : "negatif",
  "#echec" : "negatif",
  "#digne" : "positif",
  "#hontepourmonpays" : "negatif",
  "#VotonsMacron…" : "positif",
  "#jppdesgosses" : "negatif",
  "#Consternant" : "negatif",
  "#tropdeconfiance" : "negatif",
  "#pipeau2017" : "negatif",
  "#nimacronnilepen" : "negatif",
  "#suicidemediatique" : "negatif",
  "#mamanmacron" : "negatif",
  "#totalrespect" : "positif",
  "#FinDuGame" : "negatif",
  "#SuicideMédiatique" : "negatif",
  "#agressivitéVSapaisement" : "negatif",
  "#demagoFhaine" : "negatif",
  "#monstre" : "negatif",
  "#YaPasdedébatpossibleavecunehystérique." : "negatif",
  "#TOUTSAUFMACRON" : "negatif",
  "#Marine2017…" : "positif",
  "#lagrandedebacle" : "negatif",
  "#DebatStérile" : "negatif",
  "#fatigue" : "negatif",
  "#JENPEUXPLUS" : "negatif",
  "#shlag" : "negatif",
  "#DuGoudronEtDesPlumes" : "negatif",
  "#Marine2017," : "positif",
  "#enMarcheContreLePen" : "negatif",
  "#Marine2017." : "positif",
  "#voteBlanc" : "negatif",
  "#le7maijevoteMACRON" : "positif",
  "#gameover" : "negatif",
  "#ridicule" : "negatif",
  "#ImpostureFN…" : "negatif",
  "#PutainCinqAns" : "negatif",
  "#MacronPresident" : "positif",
  "#niFNniMacron" : "negatif",
  "#Trahison" : "negatif",
  "#lapesteoulecoléra" : "negatif",
  "#Propagande" : "negatif",
  "#FesséeNationale" : "negatif",
  "#NonAuFn" : "negatif",
  "#Tusersàrien" : "negatif",
  "#NONauFN" : "negatif",
  "#lemurdescons" : "negatif",
  "#ExitLePen" : "negatif",
  "#stopfn7mai" : "negatif",
  "#sortonsLePen" : "negatif",
  "#toutsauflatruie" : "negatif",
  "#findugame" : "negatif",
  "#debilosphère" : "negatif",
  "#GoMacron" : "positif",
  "#LaFranceVaCouler" : "negatif",
  "#LaFranceEnMarche" : "negatif",
  "#Twitterjetaime" : "positif",
  "#pouris" : "negatif",
  "#Disqualifiée" : "negatif",
  "#ensembleallonsplusloin" : "negatif",
  "#collabo" : "negatif",
  "#Désinformation" : "negatif",
  "#Mediocrite" : "negatif",
  "#aucunniveau" : "negatif",
  "#bouffonne" : "negatif",
  "#pathetique" : "negatif",
  "#titaniclepen" : "negatif",
  "#DeboutLaFrance" : "negatif",
  "#MalAMaFrance" : "negatif",
  "#unehonte" : "negatif",
  "#PasÀlaHauteur" : "negatif",
  "#DangerLePen" : "negatif",
  "#fHaine" : "negatif",
  "#passinulle" : "positif",
  "#vielleconne" : "negatif",
  "#biendit" : "positif",
  "#touchécoulé" : "positif",
  "#electiondemerde" : "negatif",
  "#indigné" : "negatif",
  "#DémocratieEnDanger" : "negatif",
  "#jeVoteMacron" : "positif",
  "#TristeEpoque" : "negatif",
  "#contrelepen" : "negatif",
  "#sarace" : "negatif",
  "#disappointed" : "negatif",
  "#videintersideral" : "negatif",
  "#lechangementcpasmtn" : "negatif",
  "#Le7maiContreLePen" : "negatif",
  "#VotezMLP" : "positif",
  "#tellementvrai" : "positif",
  "#MerciPourLeDebat" : "positif",
  "#MacronWin" : "positif",
  "#indigne" : "negatif",
  "#sourirecarnassier" : "negatif",
  "#néant" : "negatif",
  "#ChiensDeGarde." : "negatif",
  "#Incompétence" : "negatif",
  "#fear" : "negatif",
  "#sansmoile7mai" : "negatif",
  "#risible" : "negatif",
  "#JaimelaFrance" : "positif",
  "#WTF" : "negatif",
  "#mepri" : "negatif",
  "#girouette" : "negatif",
  "#teammacron" : "positif",
  "#merdias" : "negatif",
  "#ToutsaufLeFen" : "negatif",
  "#MarinePrésidente." : "positif",
  "#MarineDehors" : "negatif",
  "#insignifiante" : "negatif",
  "#OnEstPasDansLaMerde" : "negatif",
  "#ToutSaufLeFN" : "negatif",
  "#fièredetreenmarche" : "positif",
  "#etbim" : "negatif",
  "#onlesasperdu" : "negatif",
  "#cestpasgagné" : "negatif",
  "#merciMarine." : "positif",
  "#GameOver" : "negatif",
  "#suicidepolitique" : "negatif",
  "#Schague" : "negatif",
  "#NonALePen" : "negatif",
  "#elleestnulle" : "negatif",
  "#NonauFN" : "negatif",
  "#LaHonte" : "negatif",
  "#NonauFN." : "negatif",
  "#antiLePen" : "negatif",
  "#ellefaitpeur" : "negatif",
  "#réconciliation" : "positif",
  "#RIPMarine" : "negatif",
  "#incapable" : "negatif",
  "#MarineK.O" : "negatif",
  "#guignols" : "negatif",
  "#malhonnete" : "negatif",
  "#VotezMacron" : "positif",
  "#fermela" : "negatif",
  "#Mediocrité" : "negatif",
  "#VieilleFolle" : "negatif",
  "#marinelepen2017" : "positif",
  "#vivemarine" : "positif",
  "#Nonsense" : "negatif",
  "#SousMerdes" : "negatif",
  "#OnNousPrendPourDesBuses" : "negatif",
  "#7MaiContreLePen…" : "negatif",
  "#ToutSaufLePen" : "negatif",
  "#lepen-a-lamentablement-foiré-son-débat" : "negatif",
  "#impressionné" : "negatif",
  "#ohsecourslepiredébatdemavie" : "negatif",
  "#jamaislepen" : "negatif",
  "#DegagezLa" : "negatif",
  "#Indigne" : "negatif",
  "#CassetoiPauvConne" : "negatif",
  "#jesucemacron" : "negatif",
  "#etpandanstagueule" : "negatif",
  "#radotage" : "negatif",
  "#WowPutainCestEnfinFini" : "negatif",
  "#LaMédiocritey2017" : "negatif",
  "#pitoyable" : "negatif",
  "#ItalieavecMacron" : "positif",
  "#LaDebacle" : "negatif",
  "#soupir" : "negatif",
  "#PmuMarine" : "negatif",
  "#maruinelepen" : "negatif",
  "#Desastre" : "negatif",
  "#débatdelosers" : "negatif",
  "#JamaisMarine" : "negatif",
  "#MACRONPRESIDENT" : "positif",
  "#JamaisleFHaine" : "negatif",
  "#LeRelou" : "negatif",
  "#soumission" : "negatif",
  "#MarinePrésidente" : "positif",
  "#hecatombe" : "negatif",
  "#RendsLargent" : "negatif",
  "#ToutSaufMacron" : "negatif",
  "#JamaisLePen" : "negatif",
  "#fascisme" : "negatif",
  "#OnEstMal," : "negatif",
  "#hyène" : "negatif",
  "#VotonsLe7MaiContreLeFN" : "negatif",
  "#NonFhaine" : "negatif",
  "#deuxpecnotquicebouffelagueule" : "negatif",
  "#ouste" : "negatif",
  "#MarineLaFacho" : "negatif",
  "#aveudefaiblesse" : "negatif",
  "#menteur" : "negatif",
  "#degoutee" : "negatif",
  "#VoteBlancLe7mai" : "negatif",
  "#JeVoteMacron" : "positif",
  "#naufrageLepen" : "negatif",
  "#MerciLePen" : "positif",
  "#Consternation" : "negatif",
  "#consternation" : "negatif",
  "#FInDuGame" : "negatif",
  "#lesfrançaisnesontpastombésdslepanneau" : "negatif",
  "#disqualifiée" : "negatif",
  "#amateurisme" : "negatif",
  "#politiquedemerde" : "negatif",
  "#enmarchearriere" : "negatif",
  "#fiere" : "positif",
  "#MarineTrump" : "negatif",
  "#JaiMalALaFrance" : "negatif",
  "#LePenNonMerci" : "negatif",
  "#Ingratitude." : "negatif",
  "#NonMacron" : "negatif",
  "#MLP2017." : "positif",
  "#MLP2017…" : "positif",
  "#ressaisietoi" : "negatif",
  "#honteInternational" : "negatif",
  "#zérocredits" : "negatif",
  "#TousContreLeFN" : "negatif",
  "#courtetefficace" : "negatif",
  "#ellegagne" : "positif",
  "#bonheur" : "positif",
  "#RipMarine" : "negatif",
  "#alaramasse" : "negatif",
  "#DehorsleFN" : "negatif",
  "#JamaisLeFN" : "negatif",
  "#superficiel" : "negatif",
  "#lepenabandon" : "negatif"
}