{
  "#PRESIDENT…" : 54115,
  "#EnMarche#touslesgensquiveulent" : 30934,
  "#Breakingnews" : 51468,
  "#Franceinfo" : 18774,
  "#OnACeQuelOnMerite" : 32031,
  "#Rennes" : 53200,
  "#unvaliumvite" : 38497,
  "#unsketchaelletouteseule" : 11487,
  "#PhiliPipeau" : 32276,
  "#velizy" : 36650,
  "#GE2017" : 2699,
  "#" : 57405,
  "#ViolLyrics" : 23639,
  "#AJXLYO" : 37375,
  "#stopfn7mai…" : 31110,
  "#boulet" : 25602,
  "#theatredelatelier" : 44672,
  "#GrandDebat  " : 52715,
  "#Macron" : 57523,
  "##bfmtv" : 4147,
  "#manequinchallenge" : 15776,
  "#2017LeDebat..." : 57012,
  "#SFR." : 34353,
  "#NicolasDupontAignan" : 39477,
  "#Debat2017elle" : 34101,
  "#présidentielles" : 35425,
  "#feminite" : 50568,
  "#naguere" : 55422,
  "#leitmotiv" : 40853,
  "#queduvent" : 39355,
  "#2017LeDébat\"Une" : 38395,
  "#2017LeDebat..oui" : 16209,
  "#marâtre" : 43753,
  "#VotezJojo" : 36826,
  "#ExitFN" : 15490,
  "#horreur" : 22597,
  "#WhatsApp." : 50694,
  "#LGBT+" : 2729,
  "#Bourdindrect" : 30780,
  "#LaMarineACoulé]" : 9572,
  "#LepenGate" : 41854,
  "#lafrancebleumoisi" : 53155,
  "#Merkel." : 41201,
  "#2017LeDebat..j" : 14708,
  "#LEDEBAT2017" : 57500,
  "#MmeLePen" : 56396,
  "#degagisme" : 19839,
  "#Cantal" : 24167,
  "#Anxiolytique" : 26708,
  "#realite" : 55159,
  "#Florianphilippot" : 723,
  "#marine2017" : 50459,
  "#Vitré" : 34510,
  "#merci" : 54417,
  "#ClubDorothée" : 30312,
  "#ImpostureFN" : 42167,
  "#deuxiemebulletin," : 53257,
  "#Guaino" : 54720,
  "#noussommesen2017" : 21000,
  "#RelisTesFichesMarine" : 23498,
  "#Emmanuelmacron" : 52534,
  "#EnRampant." : 31588,
  "#climat" : 25747,
  "#twitterCSombre" : 17514,
  "#niabstention" : 31780,
  "#SansMoiLeDebat" : 41224,
  "#StopAuxMensonges" : 33003,
  "#pippapresidente" : 45491,
  "#ElectionPresidentiel" : 22345,
  "#2017DébatPrésidentiel" : 57203,
  "#principeduboomerang" : 43597,
  "#hollande" : 55287,
  "#avecmacron" : 30383,
  "#MacronLaBavouille" : 28207,
  "#Insoumis,que" : 53522,
  "#ProjetLePen" : 41592,
  "#teenagers" : 35534,
  "#anti-fn" : 55127,
  "#tocard…" : 4945,
  "#PasdeProgrammePourLePen" : 16799,
  "#PriseenchargeALD" : 28150,
  "#monnaie" : 30669,
  "#marinepèteuncable" : 13942,
  "#Daech." : 32078,
  "#lyon" : 36633,
  "#Mimetisme" : 38605,
  "#goodluck" : 41508,
  "#Vocifération" : 45593,
  "#italy," : 34642,
  "#mytho" : 36081,
  "#fond" : 22433,
  "#architecture" : 35650,
  "#pauvredébat" : 24724,
  "#NOFN2017" : 32236,
  "#foot" : 35639,
  "#EMMLP" : 43994,
  "#mlepen" : 15894,
  "#EmmanuelMacronPrésident" : 44419,
  "#realité" : 50580,
  "#OKLM" : 30308,
  "#Hollande" : 55522,
  "#Jospin" : 24612,
  "#Journalistes" : 52165,
  "#nonalepen" : 32215,
  "#LaForceduPeuple" : 44348,
  "#bayrou" : 35475,
  "#@LEPolitique" : 54097,
  "#velo" : 40972,
  "#jevotemacron" : 54173,
  "#enMarche," : 30556,
  "#flippant" : 38496,
  "#dupont" : 30404,
  "#jesuispour" : 27155,
  "#macroniste," : 24990,
  "#expat" : 35319,
  "#Islam," : 35690,
  "#Çafaitpeur" : 38518,
  "#LMDLA" : 16455,
  "#Kerviel" : 24853,
  "#JeVoteElledegage" : 44428,
  "#neversaynever" : 34185,
  "#Lacazette" : 41342,
  "#EducationMatters" : 28798,
  "#architectural" : 35651,
  "#LeGrandDebrief…" : 54957,
  "#Police" : 54126,
  "#Pas" : 42030,
  "#Faux" : 32645,
  "#espritdedéfaite" : 38574,
  "#démocratie," : 2012,
  "#FakeNews" : 41137,
  "#EmmanuelMacron." : 50418,
  "#grandepeste" : 24731,
  "#EmmanuelMacron," : 31971,
  "#Normandie" : 43711,
  "#2017LeD" : 25730,
  "#toutsaufmarie" : 34302,
  "#jaicraque..." : 37177,
  "#Degagez" : 39656,
  "#Presidentielle2017 #LePen" : 57032,
  "#BigBang" : 28404,
  "#VOTERMARINE" : 34556,
  "#crocodillebotswanga" : 52455,
  "#2017Le…" : 24043,
  "#transitionenergetique" : 30082,
  "#Codic" : 40577,
  "#EmmanuelMacron…" : 35614,
  "#incompétente" : 53654,
  "#debatpresidentiel nous" : 53019,
  "#BonnieTyler" : 50820,
  "#débat2017" : 56736,
  "#Adjani" : 24162,
  "#TitatinicLePen" : 43624,
  "#Hollande." : 55247,
  "#2017LeGrandDebat" : 52096,
  "#Collard" : 50645,
  "#DebatPrésidentiel" : 2670,
  "#JeSuisNathalieSaintCricq" : 18767,
  "#tpmp" : 24775,
  "#Vanves," : 29100,
  "#Team228" : 35378,
  "#ARejeter" : 27232,
  "#puteeee" : 50559,
  "#Radio" : 31837,
  "#pleurnichard" : 32056,
  "#Ligue1" : 40051,
  "#affaires." : 29944,
  "#Celle-dont-on-ne-doit-pas-prononcer-le-nom" : 7047,
  "#Immigration" : 38328,
  "#Retweet" : 30738,
  "#LesInsoumis" : 32703,
  "#LeDebat," : 33352,
  "#debat2017 " : 50650,
  "#LeDebat." : 32053,
  "#Macron-#LePen" : 53792,
  "#Admiration" : 23061,
  "#coursderécré…" : 33638,
  "#FranceInsoumise" : 56720,
  "#LeDebat…" : 55858,
  "#2017Débat" : 55880,
  "#macronites" : 23417,
  "#Pathétique" : 13489,
  "#C'estLaPhraseQuiResteraDansLesAnnales" : 37801,
  "#VotonsLe6Mai" : 24335,
  "#LeDebat?" : 40126,
  "#ballot" : 596,
  "#macronhollandejunior" : 25412,
  "#LePenNon" : 57460,
  "#pasphoto" : 4543,
  "#Grandangle" : 35851,
  "#EkotiTeeeeee" : 34396,
  "#AbstentionRecord" : 51951,
  "#JLGombeaud" : 4488,
  "#marinelepenrendlepognon" : 34968,
  "#OnNeBadinePasAvecLeLive" : 36681,
  "#onsaitjamais" : 2868,
  "#2017LeDEbat" : 28502,
  "#MacronEstFou" : 38199,
  "#Telecommunications" : 41205,
  "#GerardLangueDePute" : 15771,
  "#Marseille" : 53202,
  "#intox" : 27746,
  "#TitanicLePen." : 24750,
  "#macronleventilateur" : 29484,
  "#Molotov" : 52519,
  "#LaFrance" : 23822,
  "#RussiaToday" : 37059,
  "#VEAUX_tants" : 40812,
  "#2017LeDebat=&gt;" : 51647,
  "#FRANCE" : 57206,
  "#politoscope…" : 16126,
  "#Fachosphere" : 18290,
  "#viveleurope" : 23988,
  "#Coherence" : 30091,
  "#actualités" : 31973,
  "#déception" : 22762,
  "#aucunprogramme" : 56173,
  "#Rdc," : 24829,
  "#Toutestdit" : 27326,
  "#j'aime" : 35880,
  "#Debat2ndTour" : 57508,
  "#POLITIQUE" : 34159,
  "#ilsontbossedur" : 28177,
  "#stoplepen" : 31101,
  "#SACClisson" : 34511,
  "#elabe," : 30384,
  "#fuite" : 17774,
  "#ledebatpresidentiel" : 23062,
  "#WellDone" : 29078,
  "#FHAine" : 30566,
  "#MarineLePen...#2017LeDebat" : 50719,
  "#pressigny" : 35300,
  "#regret" : 54950,
  "#FallaitVoterAsselineau" : 35964,
  "#Emmanuel" : 30392,
  "#7MaiContreLepen" : 25842,
  "#debattre" : 32210,
  "#desprofspourtous" : 23162,
  "#RendezNousFillon" : 24350,
  "#EELV" : 34714,
  "#lePenJamais" : 53319,
  "#Mc_jehovah" : 31831,
  "#Triste." : 34363,
  "#sansMoiLe7mai" : 51635,
  "#alterQG" : 56306,
  "#JesuisRepublicain" : 38482,
  "#recul" : 6735,
  "#amp" : 35929,
  "#NonALepen" : 51313,
  "#SansNousLe7Mai" : 51952,
  "#VoterMacron" : 54226,
  "#Linfiltré" : 19094,
  "#investir”" : 34228,
  "#tout" : 30393,
  "#Daesh" : 34593,
  "#debat2ndtour" : 50909,
  "#entreprises" : 35163,
  "#QuelleIndignité" : 19232,
  "#RdcLeDebat" : 35420,
  "#renouveau" : 933,
  "#ElectionDeMerde" : 51650,
  "#macron" : 57475,
  "#debat2ndtour," : 53060,
  "#rendeznousMelenchon" : 20867,
  "#JeSuisNathalie" : 35061,
  "#carramba" : 3106,
  "#Frenchelections2017" : 36785,
  "#retenir" : 53252,
  "#BFMTV,LePen" : 53712,
  "#putain5ans" : 53011,
  "#societeouverte" : 35829,
  "#stérilité" : 35930,
  "#JEVOTEMACRON" : 42038,
  "#DEBAT2017" : 18799,
  "#demence" : 12967,
  "#hashtag" : 35177,
  "#LeGrandDebat2017" : 55579,
  "#2017LeDebathey" : 40625,
  "#StopMacron" : 52691,
  "#JeVoteBlanc" : 55549,
  "#JeanLucMano" : 23489,
  "#Fachos," : 32519,
  "#girl" : 39675,
  "#poudredeperlimpinpin" : 24150,
  "#marchandeDeTapis…" : 29115,
  "#2017LeDebat\"vous" : 29503,
  "#Debat2017.Le" : 18589,
  "#gillesverdez" : 34081,
  "#aucunprojets." : 37043,
  "#Enmarchele7mai" : 29671,
  "#France,…" : 37193,
  "#Dégageonsla" : 54503,
  "#sarkozy" : 52115,
  "#effetsnap" : 22791,
  "#CHIRAC" : 27256,
  "#EnMarche.fr!" : 31387,
  "#malaisetv" : 40474,
  "#DupontAignant" : 30616,
  "#f_philippot" : 4232,
  "#CharitéHopital" : 16072,
  "#JamaisleFN" : 38153,
  "#paysouvert" : 25834,
  "#atterré" : 1615,
  "#liberté" : 25423,
  "#Jcomprendraijamais" : 23517,
  "#news" : 53305,
  "#Patriote" : 35392,
  "#CauseAnimale" : 52325,
  "#jesuislepeuple" : 30670,
  "#procédurejudiciaire" : 29976,
  "#Santé," : 33285,
  "#WWELILLE," : 25582,
  "#BourdinDirect" : 4363,
  "#OnVautMieuxQueÇa!" : 5641,
  "#lepen" : 57504,
  "#écologie" : 52731,
  "#ToutSaufMacron," : 52654,
  "#AnimalPolitique" : 27149,
  "#2017ledebat..Débat" : 41527,
  "#JapanParty" : 34983,
  "#GrandDebat #JeVoteMacron" : 38402,
  "#rendeznousMelenchons" : 21392,
  "#BUZZ" : 23132,
  "#TitanicMarine" : 24071,
  "#macron2017." : 36889,
  "#LePen,je" : 33249,
  "#MacronSansAdhesion" : 56961,
  "#Présidentielles2017" : 51533,
  "#MacronNonMerci" : 50664,
  "#debat2017." : 52026,
  "#JePleureMaFrance" : 35216,
  "#debat2017-" : 22219,
  "#sacdebétises" : 53436,
  "#LeDebat " : 44562,
  "#check" : 43892,
  "#EmmanuelMacron..." : 38865,
  "#Resumé" : 36231,
  "#debat2017…" : 18481,
  "#travail" : 39671,
  "#JeSuis" : 22942,
  "#Rediff" : 35832,
  "#LePen..." : 55508,
  "#Presidentielle2017 #EmmanuelMacron" : 28224,
  "#Africain" : 34456,
  "#remigration" : 17643,
  "#RepuReplique" : 28518,
  "#BérurierNoir" : 10698,
  "#marineLepen" : 50959,
  "#Handicap…" : 27002,
  "#2017LeDebat@EmmanuelMacron:" : 28473,
  "#jedemande" : 34575,
  "##2017leDebat" : 1832,
  "#elab" : 24410,
  "#gauchistes" : 33626,
  "#Lepen," : 56724,
  "#sorcière" : 12444,
  "#Lepen…" : 53558,
  "#CestDead…" : 13728,
  "#avs" : 24819,
  "#Londres!" : 35142,
  "#undebatpourrien" : 24465,
  "#Lepen:" : 54425,
  "#clindoeil" : 53536,
  "#2017Debat" : 57154,
  "#macronhollandejunior…" : 29485,
  "#ElleMAgace" : 36598,
  "#Lepen." : 57466,
  "#Presidentielles2017" : 57243,
  "#JeVoteElleDegage" : 57324,
  "#bfmtv" : 53648,
  "#debat2017:" : 40347,
  "#2017ledebat\"vou" : 15501,
  "#Statureprésidentielle" : 30657,
  "#France2," : 52111,
  "#Insoumis," : 3638,
  "#Lasalle" : 34874,
  "#thereisnoplanetb" : 12070,
  "#Punchliner" : 29826,
  "#OnVautMieuxQueCa" : 27715,
  "#epicfacepalm" : 15815,
  "#TransfoNum" : 3217,
  "#FrancesousMarine" : 37294,
  "#niMarinenilepen" : 22996,
  "#Radote" : 9495,
  "#Hawaii" : 35516,
  "#Outremer" : 17672,
  "#DebatTF1" : 55815,
  "#ledebat2017" : 43967,
  "#Fillon!" : 18847,
  "#elysée2017" : 53095,
  "#TheEnd" : 51761,
  "#TuVasPerdre" : 34571,
  "#mlp," : 24820,
  "#melenchon…" : 35128,
  "#PointPascalNegre" : 6872,
  "#14ans" : 23120,
  "#Fillon." : 57290,
  "#Bayrou" : 35591,
  "#Fillon," : 45143,
  "#cougar" : 25346,
  "#Daech" : 33682,
  "#Éducation" : 57232,
  "#frenchpolitics" : 22961,
  "#PÉDOPHILE" : 39364,
  "#ChristopheJakubyszyn" : 44781,
  "#2017LeDébat🇫🇷" : 27528,
  "#engagerlavenir" : 39900,
  "#data" : 36379,
  "#indigne…" : 28539,
  "#FakePolitique" : 41523,
  "#JeVoteMacron." : 43518,
  "#panamapaper" : 29872,
  "#NoPasaran" : 33019,
  "#mlp." : 248,
  "#JeVoteMacron…" : 55392,
  "#DevoirDeMemoire" : 17348,
  "#…" : 39288,
  "#MalaiseTV." : 13328,
  "#Mitterrand" : 57342,
  "#0" : 23496,
  "#1" : 36359,
  "#2" : 31900,
  "#mlp?" : 24340,
  "#football" : 43160,
  "##NaufrageLePen" : 11709,
  "#jlm" : 36139,
  "#Joshua" : 27446,
  "#SouffranceAnimale" : 3839,
  "#WhastAppdown." : 54009,
  "#2017LeDébatMoi" : 34371,
  "#E" : 35923,
  "#coproduction" : 55473,
  "#déontologiedelavocat" : 40885,
  "#2017LeDebat!!" : 10706,
  "#présidentielle2017" : 53621,
  "#nonauFN" : 51327,
  "#Soldes2017" : 31807,
  "#mitigée" : 23356,
  "#2017LeDébat@france2" : 50922,
  "#PApelMuller" : 4001,
  "#Ledébat2017" : 55242,
  "#grossièreté" : 24940,
  "#clair" : 38246,
  "#SONDAGE" : 5169,
  "#BrittanyDePourquery" : 29812,
  "#Melenchonjtm" : 2334,
  "#JeVoteMacronbravo" : 377,
  "#jenesuispasfollevoussavez" : 41920,
  "#Francia" : 37298,
  "#LePen.Et" : 40566,
  "#Vrai" : 32644,
  "#Twitter" : 15394,
  "#denidedemocratie" : 23669,
  "#hallu" : 4025,
  "#A.MORT.FN" : 32149,
  "#2017LEDEBAT" : 44818,
  "#EnMarc…" : 29429,
  "#PrepaADLS" : 52050,
  "#CarteBlanche" : 39411,
  "#Craquage" : 13086,
  "#Lolilol" : 16418,
  "#MLPloose" : 28271,
  "#toutsaufmacron" : 52690,
  "#PrésidentielleDébat" : 29646,
  "#toutvabien" : 34808,
  "#ElleEstNulle" : 13727,
  "#obsolète" : 55454,
  "#cassetoipovconne" : 23840,
  "#levide" : 50560,
  "#Quotidien" : 3257,
  "#peupleinsoumis" : 24363,
  "#Kaamelott" : 55845,
  "#punchlines" : 18043,
  "#Geneva" : 53197,
  "#économie," : 33286,
  "#auxurnes" : 55194,
  "#ProgrammeVide" : 30236,
  "#Frexit." : 55218,
  "#tataMarine" : 35941,
  "#JyvaisAuTalent" : 10669,
  "#jpp" : 9975,
  "#unpeudhumour" : 25348,
  "#macronlepen" : 57452,
  "#travailfictif" : 52372,
  "#FonceManu" : 24865,
  "#souveraineténumerique" : 39121,
  "#LegislativesLR2017" : 35354,
  "#reflections" : 33086,
  "#StarWarsDay" : 18618,
  "#compte" : 25752,
  "#DuelLinks" : 35406,
  "#useless" : 51822,
  "#à" : 37033,
  "#ToutReconstruire" : 10087,
  "#sanssolution#Handicap#societeinclusive" : 27959,
  "#EnMarcheEtEnPaix" : 26215,
  "#Douaniers" : 1482,
  "#NiPesteNiCholera" : 28362,
  "#Dead" : 43878,
  "#MerciMacron" : 24458,
  "#noyade" : 8299,
  "#ouidaccord" : 54643,
  "#patrimoines," : 13540,
  "#MissYouBenoit" : 44761,
  "#Nantes" : 53201,
  "#AAH" : 39891,
  "#SystemeQuandTuNousTiens" : 23663,
  "#EmmanuelMacron" : 57128,
  "#présidentielle" : 57205,
  "#JEVOTE" : 54771,
  "#LCI!" : 32509,
  "#Manque" : 29647,
  "#Snapchat" : 22024,
  "#serialmytho" : 52159,
  "#2017LeDebat   MLP" : 11003,
  "#EllePlaneGrave" : 2836,
  "#sofasurprisebrick" : 31832,
  "#NIMP" : 57281,
  "#EmmanuelHollande" : 52401,
  "#PatientsÉlecteurs" : 24947,
  "#RealMadrid" : 43159,
  "#ImpostureMacron" : 52674,
  "#DÉBAT" : 37844,
  "#mindfullness" : 25190,
  "#RDC" : 38614,
  "#NathalieSaintCricq" : 55144,
  "#FNJamais" : 55862,
  "#election" : 37488,
  "#LeGrandDebat " : 50652,
  "#RER" : 31814,
  "#CumulDesMandats" : 31683,
  "#Honte" : 44553,
  "#ejacfacial" : 22921,
  "#Souverainiste" : 35393,
  "#présidentielles2017" : 51561,
  "#LePen???" : 56191,
  "#bff" : 3814,
  "#Supercalifragilisticexpialidocious" : 50143,
  "#live" : 52490,
  "#LeGrandDebat #AuNomDuPeuple…" : 50367,
  "#Toulouse" : 53206,
  "#LeGrandDebat…" : 55458,
  "#niblanc" : 31779,
  "#LeGrandDebat." : 44432,
  "#Château-Thierry" : 39367,
  "#LeGrandDebat," : 44572,
  "#delphinariums" : 34623,
  "#victoire." : 23290,
  "#voteblanc" : 55582,
  "#Menteur" : 26230,
  "#DegageonsLes" : 36145,
  "#parodiededemocratie" : 35972,
  "#ExploitantsDeLaColère\"." : 26646,
  "#follow4follow" : 34189,
  "#MonFils" : 20927,
  "#Climat" : 30080,
  "#Débat2017#échec" : 17711,
  "#ODD," : 36466,
  "#cnews…" : 19066,
  "#bfn" : 23359,
  "#compol" : 51462,
  "#bfm" : 46921,
  "#clashsurclash" : 45511,
  "#Misère" : 43479,
  "#LaFilleLepen" : 21801,
  "#2017LeDébat😡😡😡" : 9966,
  "#2014LeDébat" : 27415,
  "#JeVomisLepen" : 26942,
  "#emmanuelMacron" : 51044,
  "#macronjunior" : 50491,
  "#LePenMacron" : 56849,
  "#Whirlpool" : 35073,
  "#nofutur" : 24906,
  "#MLPNDA" : 52132,
  "#mlp2017" : 50169,
  "#sorcellerie" : 53386,
  "#justice" : 56575,
  "#Bahamas" : 25754,
  "#@EmmanuelMacron" : 28218,
  "#AFP" : 38615,
  "#catastropheenvue" : 29192,
  "#2017LeDebat#JeVoteMacron" : 41959,
  "#languedebois" : 27158,
  "#lemesquin" : 38763,
  "#FranceAfrique" : 9901,
  "#RIP" : 39575,
  "#Joie" : 38017,
  "#record" : 43358,
  "#Attaque" : 2142,
  "#fachosphere" : 37198,
  "#éducation." : 22200,
  "#Echangesurbains" : 31793,
  "#macronprésident" : 56119,
  "#handicapé." : 4829,
  "#DEBAT" : 56395,
  "#gays" : 51276,
  "#bim" : 40963,
  "#2017LeDébat]" : 42506,
  "#Civ…" : 24196,
  "#stopaudifference" : 23154,
  "#hautain" : 28239,
  "#cohérence" : 13411,
  "#Legranddebat" : 57520,
  "#LeGrandDebat#jevotemacron" : 31603,
  "#Ouille" : 56747,
  "#gênante" : 9388,
  "#2017LeDébat:" : 37650,
  "#Rance" : 41222,
  "#Reims" : 34723,
  "#Islam" : 35337,
  "#CQFD" : 39944,
  "#2017LeDébat," : 55700,
  "#2017LeDébat/" : 14375,
  "#2017LeDébat." : 41891,
  "#catastrophique" : 22600,
  "#pauvreFrance" : 5191,
  "#2017LeDébat\"" : 37070,
  "#f_philipot" : 50586,
  "#réagissez" : 14739,
  "#LePenJamais" : 42529,
  "#startup" : 36136,
  "#2017LeDébat…" : 54645,
  "#Whatsapp" : 54796,
  "#Mitterrand," : 31030,
  "#planète" : 52730,
  "#digital" : 36084,
  "#2017ledebat@emmanuelmacron" : 39015,
  "#Legislatives2017" : 31909,
  "#NYUS" : 51974,
  "#bourdindirect" : 52299,
  "#TheFlash" : 34106,
  "#monacojuve" : 37092,
  "#LaissezMoiDanser" : 20079,
  "#placementdeproduits" : 7201,
  "#RMC" : 52302,
  "#clash" : 52351,
  "#Albi" : 24715,
  "#perlimpinpin" : 24149,
  "#macronestresponsablede" : 24502,
  "#Croissant" : 35503,
  "#GrandDebatmarine:je" : 38196,
  "#lepen..." : 10163,
  "#2017LeDebat Bienvenue" : 13109,
  "#pestebrune" : 33875,
  "#sos" : 6322,
  "#baroin" : 39175,
  "#Débat2017 #2017LeDébat   " : 26731,
  "#apres" : 30316,
  "#nilepennimacron" : 34265,
  "#LEDEBAT2017Il" : 33208,
  "#Greedbossk2022" : 37355,
  "#presidentielles2017" : 53270,
  "#insoumis" : 55970,
  "#Fieredevous" : 25275,
  "#BossDeFin" : 37186,
  "#j'ai" : 39392,
  "#ChoisirLaFrance" : 50944,
  "#10pourcent" : 34375,
  "#Noumea" : 32491,
  "#socute" : 22474,
  "#LeGrandDébat" : 56854,
  "#Debat_2017" : 37843,
  "#Nice06" : 34401,
  "#orientation" : 30328,
  "#alashlag" : 2470,
  "#votons" : 35886,
  "#DebatTF1😊" : 22829,
  "#coupezluisonmicro" : 31404,
  "#2017ledébat@marineLePen" : 51043,
  "#incohérence" : 54698,
  "#Debat2017👍👍👏👏" : 51259,
  "#LePenOut" : 35942,
  "#jevotemonpresidentEmmanuelMacron" : 28512,
  "#macron.il" : 43719,
  "#Hamon" : 36482,
  "#enjoy…" : 37390,
  "#RadioLondres2017" : 18018,
  "#2017LeDebat#la" : 8127,
  "#GrandDebat..." : 6192,
  "#Management." : 34738,
  "#2017LeDebat.   un" : 3025,
  "#mlpisanidiot" : 42184,
  "#MONOPOLY" : 34273,
  "#BenoitHamon" : 34685,
  "#fashionpolice" : 26732,
  "#fraternelle" : 37868,
  "#punchline" : 41249,
  "#libertédelapresse" : 31787,
  "#peuple" : 30668,
  "#Patriosphere" : 18289,
  "#agroecologie" : 52732,
  "#france..#Debat2017" : 39318,
  "#France." : 55490,
  "#Macronlatuer" : 14635,
  "#France2" : 57521,
  "#sport!" : 25526,
  "#fillon" : 56881,
  "#France:" : 23572,
  "#instantNabilla" : 12423,
  "#WhatElse" : 35212,
  "#France#" : 39430,
  "#Presidenitelle2017" : 55560,
  "#France…" : 40834,
  "#headshot" : 40964,
  "#France," : 42632,
  "#chepakoidire" : 18508,
  "#1erMai…" : 50558,
  "#2017ladebacle." : 44440,
  "#presidentielles" : 55558,
  "#chercherlerreur" : 1639,
  "#Jaibon" : 57374,
  "#factchecker" : 23426,
  "#laRaison" : 55684,
  "#stp" : 38163,
  "#Debatpresidentielle" : 57501,
  "#yogi" : 25192,
  "#ecole..." : 25399,
  "#machinesdelile" : 40273,
  "#ASM" : 36057,
  "#whaaaat" : 26957,
  "#mondialisme" : 52253,
  "#Debat2017«Les" : 53338,
  "#RTL" : 24082,
  "#fifille." : 24942,
  "#MarineLepen" : 51122,
  "#DimancheTuSors" : 38637,
  "#AuNomDuPeuple…" : 50358,
  "#Débatprésidentielle" : 22538,
  "#Paris" : 53199,
  "#hontemarine" : 29881,
  "#noir" : 39669,
  "#Marine2017" : 54710,
  "#fascistes" : 34006,
  "#Debat2017?les" : 25160,
  "#Debat2017#Debat2ndTour" : 21580,
  "#faiblessedargument" : 14795,
  "#JamaisFN" : 36638,
  "#lePenNON" : 33909,
  "#JmTinivelli" : 51686,
  "#Autistes" : 28438,
  "#yapuqua" : 30721,
  "#reveillezvous" : 35988,
  "#réconcilier" : 38233,
  "#con," : 23593,
  "#aurevoir" : 54108,
  "#yolo" : 51853,
  "#Marseillais" : 53782,
  "#2017LeDebat #LeGrandDebat" : 44691,
  "#Noubliezpascharlie" : 35815,
  "#AVS" : 12368,
  "#NonAuFHaine" : 31291,
  "#2017LeDé…" : 33072,
  "#FOLLE!!!" : 49294,
  "#rendeznousmélenchon" : 55909,
  "#justice," : 35827,
  "#Frankreich" : 54235,
  "#legislatives" : 35127,
  "#ItWontKilYa" : 35493,
  "#humour" : 19515,
  "#projet" : 34446,
  "#grandeurpasse" : 41140,
  "#personneshandicapees" : 28949,
  "#DebatPresidentiel" : 56001,
  "#EnMar…" : 30127,
  "###" : 40151,
  "#2017LeDébat " : 57279,
  "#LePenJamais." : 24528,
  "#RDLS" : 22764,
  "#DebatPresidentielle" : 55258,
  "#noob" : 28240,
  "#dynastielepen" : 5934,
  "#MarineRendsLeDiscours" : 53086,
  "#nimarinenimacron" : 22459,
  "#DLF." : 44859,
  "#angoisse" : 38499,
  "#PasÀLaHauteur" : 44329,
  "#CICE" : 24538,
  "#Nimes" : 53203,
  "#lepiredetous" : 28627,
  "#TEAMJBZZ" : 38918,
  "#LeGrandDebat" : 57533,
  "#60millions" : 39407,
  "#Clinton" : 34413,
  "#bye" : 40958,
  "#Débat2017ontre" : 34440,
  "#facecamera" : 26481,
  "#GrandDebat #debatpresidentiel" : 12934,
  "#Sheitan" : 22650,
  "#Lelosubmarine…" : 23198,
  "#2017Ledebat" : 56345,
  "#factchecking…" : 35009,
  "#Présidentielle2017…" : 32962,
  "#violencesàenfants" : 20969,
  "#Deception" : 24739,
  "#Debatpresidentiel" : 52948,
  "#megalol" : 28241,
  "#Disney)" : 34233,
  "#الريفيرا_الفرنسية" : 40666,
  "#numerique" : 39122,
  "#2017LeDebat   plus" : 16816,
  "#BringBackOurWhatsApp" : 53489,
  "#pidiota." : 24158,
  "#LEPEN:" : 55333,
  "#2017LeDebat,marine" : 20696,
  "#PlusJamaisCa" : 38835,
  "#JacquesChirac" : 33250,
  "#DébatPrésidentiel" : 53063,
  "#LaPhrase" : 36885,
  "#macronbercy" : 29238,
  "#factchecking," : 20824,
  "#LeCandidatÀPlatVentre" : 21552,
  "#loitravail" : 29720,
  "#mkultra" : 41059,
  "#Bordel" : 35004,
  "#bfmacron" : 34937,
  "#choix" : 25450,
  "#spreaker" : 39706,
  "#jevotemarcon" : 29223,
  "#juif" : 36517,
  "#InquiétanteAuPossible" : 25832,
  "#EnMarche." : 34156,
  "#JLM" : 52091,
  "#CestLheureDuChoix" : 25178,
  "#Audiovisual" : 41206,
  "#islam" : 55516,
  "#EnMarche…" : 30898,
  "#EnMarche," : 31698,
  "#CamelBechikh" : 53901,
  "#Moutons" : 29206,
  "#2017LeDebatelle" : 41095,
  "#EnMarche!" : 31582,
  "#debatLePenMacron" : 36342,
  "#LePenIsOut" : 3307,
  "#pudeurdegazelle" : 32409,
  "#Kekistan" : 35550,
  "#nonchalance" : 57479,
  "#Macron:" : 54764,
  "#Achouka" : 37260,
  "#FrontRepublicain" : 44482,
  "#nulle" : 30332,
  "#MalaiseTv" : 52448,
  "#FirstOneTV" : 52489,
  "#CaVoleBas" : 29207,
  "#Macron," : 53429,
  "#fillon," : 54261,
  "#candidats" : 36376,
  "#Macron)" : 19149,
  "#Macron'" : 35029,
  "#Macron…" : 57033,
  "#debatpresidentiel…" : 52929,
  "#Ledebat2017," : 54311,
  "#Macron." : 56629,
  "#pointlucidité" : 22352,
  "#2017LeDebatnos" : 38008,
  "#quandçapartencouilles" : 29763,
  "#polcan" : 55325,
  "#Élysée2017" : 30546,
  "#RuthElkrief" : 5632,
  "#JeVireLepen" : 41603,
  "#elleracontenimportequoi" : 34793,
  "#Macron!" : 51519,
  "#MacronVuDenHaut" : 406,
  "#Mister" : 40576,
  "#nullissime" : 43567,
  "#debrief" : 4273,
  "#Chaîne" : 36558,
  "#BlaBla" : 44453,
  "#Débat2017" : 57234,
  "#transparence" : 30327,
  "#ELLENENVAUTPASLEPEN" : 53691,
  "#SOSmonPaysabesoindaide" : 52228,
  "#reprendredeuxfoisdesmoules" : 6318,
  "#macron2017" : 57492,
  "#FNGate" : 32498,
  "#reveillonsnous" : 40779,
  "#admiration" : 28900,
  "#candidat." : 24427,
  "#le7maijevote" : 37761,
  "#Pitoyable." : 34203,
  "#JPP" : 43910,
  "#hophophop" : 24413,
  "#ok😁" : 36311,
  "#pointfigatellu" : 20484,
  "#MarineRendsLArgent." : 16550,
  "#marine," : 18464,
  "#trip" : 40270,
  "#debatpresidentiel " : 24405,
  "#tf1" : 52559,
  "#Justice" : 30074,
  "#neproposerien" : 29210,
  "#MasoBonjour" : 18430,
  "#BAP" : 35413,
  "#AntenneNonStop" : 42867,
  "#rmclive" : 35341,
  "#enmarche.Vivement" : 42901,
  "#7maicontreLePen" : 55763,
  "#2017LeDébat..." : 4676,
  "#LaPen" : 24356,
  "#JeRegretteFillon" : 41115,
  "#JeneComprendsRien" : 56646,
  "#intelligence" : 23529,
  "#nohope" : 4070,
  "#Patriotes" : 32515,
  "#QuestionMacron" : 23365,
  "#EnMarcheforcée" : 51319,
  "#Niveau0" : 53784,
  "#antibes" : 40662,
  "#fachos" : 1258,
  "#législatives" : 55611,
  "#ecoeuré" : 35151,
  "#pâs" : 38093,
  "#MacronLePen" : 51075,
  "#humilitude" : 28817,
  "#abstentionrecord" : 22421,
  "#Loupé." : 29024,
  "#JeSuisBobo" : 34954,
  "#2017Ledébat" : 51987,
  "#dinerdecons" : 51850,
  "#leDebat" : 24678,
  "#NonAuF-Haine" : 38523,
  "#Elysée2017" : 53082,
  "#Issy," : 29101,
  "#SFR" : 53141,
  "#miseredemisere" : 4578,
  "#fightclub" : 21080,
  "#mlpnda" : 33705,
  "#MurDesCons" : 45135,
  "#bravofrère" : 54095,
  "#MalaiseTV" : 13518,
  "#Couguar…" : 31708,
  "#MarineLePen...\"Le" : 50704,
  "#excellent" : 25274,
  "#MERDE" : 56550,
  "#respect" : 29446,
  "#fn=mensonge" : 50582,
  "#2017LeDebat\"La" : 39420,
  "#Debatpresidentielle  " : 52371,
  "#Periscope" : 54343,
  "#Skyrock" : 34221,
  "#Ledebat2017" : 43710,
  "#2017" : 56366,
  "#jusquaubout" : 10996,
  "#cestquilepatroncestmacron" : 26031,
  "#misérabilisme" : 25728,
  "#RIP🇫🇷" : 40423,
  "#SauvonslaFrance" : 36999,
  "#Empathie…" : 24732,
  "#2017LeDebat\"On" : 25854,
  "#BFM" : 54568,
  "#SansMoiLe7Mai" : 55450,
  "#2…" : 37156,
  "#jevoteMacron." : 41939,
  "#recherche" : 19290,
  "#rassemblement" : 38231,
  "#Tesavocateonsenbatlescouilles" : 45599,
  "#Violons" : 29347,
  "#Castle" : 37570,
  "#AJAOL" : 36027,
  "#SortonsLePen" : 53263,
  "#lagressivite" : 27265,
  "#environnement" : 52522,
  "#Environnement" : 21157,
  "#BBMAs" : 36687,
  "#République" : 42718,
  "#jevoteMacron…" : 24962,
  "#ECOFIN" : 31919,
  "#ElectionsPresidentielles2017" : 54496,
  "#Auvergne" : 24168,
  "#Harpie" : 38229,
  "#vraiequestion" : 34139,
  "#micromacron," : 13083,
  "#WPFD2017" : 31788,
  "#médiatisation" : 36409,
  "#PoutouRevient" : 52984,
  "#2017LeDebat:échanges" : 15148,
  "#offshore" : 52649,
  "#Mélonchon_président" : 37883,
  "#UOIF" : 53900,
  "#Culture" : 25376,
  "#LeDébat " : 36877,
  "#zinzinceshemispheres" : 35174,
  "#EtatsUnis" : 35364,
  "#GrandDebrief" : 53605,
  "#Flop" : 35343,
  "#vegan" : 3810,
  "#remboursement" : 25187,
  "#MLPlamentable" : 28792,
  "#cdanslair" : 52086,
  "#okjesors)!!" : 44379,
  "#TaGueuleMarine" : 17436,
  "#cabinetNoir" : 1395,
  "#coupdegueule" : 29768,
  "#fourrure" : 3812,
  "#BanMacron" : 5110,
  "#Djibouti" : 22378,
  "#catchup" : 18396,
  "#autogestion" : 35471,
  "#LeGrandDebat …" : 50341,
  "#elleaprisuntruccestpaspossible" : 1578,
  "#Lesmarseillaisvsleschtis" : 37180,
  "#lepen2017!" : 24656,
  "#Hockey" : 16827,
  "#2 " : 26149,
  "#résumé" : 23438,
  "#tmc" : 51814,
  "#poutou...." : 4191,
  "#electionpresidentielle" : 42525,
  "#2017ledebatbon" : 39559,
  "#incompetence." : 42334,
  "#laviedesstars1" : 35577,
  "#Macron.\"" : 39426,
  "#TeamJuriste" : 4811,
  "#partage" : 23528,
  "#2017LeDebat.…" : 33259,
  "#vivementquecesoitfini" : 22283,
  "#5ans" : 36255,
  "#Mensonge" : 33244,
  "#nature" : 37387,
  "#peace" : 24928,
  "#madamelepen" : 55305,
  "#DreamteamJE" : 21901,
  "#Législatives2017" : 56105,
  "#72" : 39785,
  "#PresidentMaisPasMajoritaire" : 24623,
  "#Vérification" : 51323,
  "#Gabon." : 29940,
  "#marinepresidente" : 53356,
  "#mdr…" : 23744,
  "#PunchLine" : 36764,
  "#LePen!!" : 56625,
  "#Gabon," : 39464,
  "#education" : 30109,
  "#BLM" : 33405,
  "#Macron...et" : 7466,
  "#2017LeDebat  " : 42815,
  "#florianphilippot" : 1567,
  "#tocard" : 32471,
  "#LeSaviezVousauLiban" : 18800,
  "#gomacron" : 27075,
  "#NuitDebout" : 29566,
  "#SOS" : 17490,
  "#Vans" : 21875,
  "#Élections2017" : 37080,
  "#macron.." : 40021,
  "#AjaxOL" : 55790,
  "#HouseOfCards" : 37556,
  "#européenne" : 38736,
  "#Macron#lepen" : 56906,
  "#feuille" : 53612,
  "#irrespect" : 57478,
  "#LaFranceMériteMieuxQueLePen" : 29730,
  "#Idiots" : 41273,
  "#MacronPrésident" : 55897,
  "#sanssolution#Handicap#s…" : 23151,
  "#yerres." : 41382,
  "#Trump!" : 22972,
  "#fachoNonMerci" : 45600,
  "#mensonges." : 24374,
  "#marinelepenmamuse" : 53944,
  "#TheVoice" : 10924,
  "#Melenchon..." : 43029,
  "#2017LeDebat....vous" : 17128,
  "#DarkVador" : 51246,
  "#LEPEN" : 57307,
  "#debatpresidentielle2017" : 55033,
  "#Trump." : 41360,
  "#LePen\"." : 55857,
  "#Trump," : 57472,
  "#marinealecoledejournalisme" : 23478,
  "#odr2022" : 39647,
  "#MacronAPeurDeMarine" : 52680,
  "#2017LeDébat   " : 23675,
  "#PointDécathlon" : 56878,
  "#humilite" : 28816,
  "#LeGrandDebat207" : 51771,
  "#20…" : 28258,
  "#ensemblelafrance" : 26410,
  "#tristesse…" : 7049,
  "#MLPTF1#EmmanuelMacron" : 51859,
  "#IlEstOuLeProjet" : 11953,
  "#FillonRendLArgent" : 53999,
  "#lcp" : 23469,
  "#Juppe" : 39394,
  "#PauvreMarine" : 50467,
  "#2017LeDebat\"je" : 26099,
  "#presidentielle" : 55370,
  "#VotezLeChat" : 137,
  "#alaschlag" : 18233,
  "#lci" : 51699,
  "#Facebook" : 51720,
  "#2017DebatPresidentiel" : 50814,
  "#outlepen" : 35623,
  "#Kappa" : 36337,
  "#votez" : 35924,
  "#Onfray" : 35991,
  "#voter" : 42835,
  "#fhaine" : 42510,
  "#havre" : 19937,
  "#rires" : 18045,
  "#homosexuels»" : 51088,
  "#Poussif" : 22327,
  "#handicap," : 28789,
  "#Debat2017  🗳" : 24754,
  "#Lesfoliesdalexy" : 29778,
  "#indépendance" : 55554,
  "#Mensonges" : 45592,
  "#judiciaire" : 57140,
  "#barrederire" : 13203,
  "#honte" : 52000,
  "#bravo" : 33036,
  "#cassonsnous" : 40679,
  "#21h" : 51687,
  "#Anonymous" : 35672,
  "#le7maiJeVoteMacron" : 56986,
  "#arte" : 51705,
  "#SWITCH" : 34579,
  "#franzaizélesfranzé" : 43637,
  "#Irresponsabilite" : 11020,
  "#DebatMaternelle" : 22226,
  "#PRÉSIDENTIELLE" : 23278,
  "#couragedelaverite" : 26463,
  "#LaBlonde" : 57028,
  "#juifs..." : 24786,
  "#Poudredeperlimpinpin" : 2527,
  "#cinémamuet" : 30300,
  "#cpromis" : 36834,
  "#Baroin" : 31646,
  "#lePen" : 54634,
  "#débat2017." : 22133,
  "#Motocultor" : 34902,
  "#RespecteToiMLP" : 51339,
  "#débat2017," : 53909,
  "#NicolasSarkozy" : 19160,
  "#CollageCitoyen" : 45557,
  "#Vulgarité" : 45591,
  "#Calembour" : 22204,
  "#PasMaPrésidente" : 34036,
  "#franceinfo" : 54589,
  "#SVU" : 51862,
  "#Parasite" : 53870,
  "#pasdeprojet" : 27567,
  "#Ironie" : 52483,
  "#foutagedegueule" : 41733,
  "#2017LeDébat/#Débat2017," : 6692,
  "#laFrancedigne" : 23914,
  "#buzz" : 35229,
  "#Debat2017.C" : 56618,
  "#2017LeDebat\"à" : 8379,
  "#JLM2017…" : 37282,
  "#Elections2017" : 55559,
  "#thevoice" : 44808,
  "#LeDébrief" : 23214,
  "#Faillite" : 41525,
  "#Minable" : 29176,
  "#parasite" : 50398,
  "#murdescons" : 24592,
  "#yacommeunbuglà" : 42233,
  "#Rebel" : 29399,
  "#2017ledebat…" : 53000,
  "#EnMarcheOuCreve" : 30949,
  "#2017ledebat." : 13197,
  "#Mitterand" : 32932,
  "#bonnerigolade" : 26883,
  "#RepliqueDeDébile" : 17525,
  "#Debat2017.." : 34277,
  "#lesenvahisseurs" : 21501,
  "#MlePen" : 35935,
  "#développement" : 30329,
  "#Passable" : 27233,
  "#sicacontinuefodrakecacesse" : 42892,
  "#vote" : 38165,
  "#MarineSansProgramme" : 789,
  "#EMANUEL" : 35813,
  "#affligeante" : 4032,
  "#Aux" : 24645,
  "#teteaclaques" : 24278,
  "#mensonge" : 42029,
  "#nantes" : 40271,
  "#Paslepen" : 35601,
  "#DégageMarine" : 31004,
  "#Urgent" : 34084,
  "#MonacoJuvenus" : 52474,
  "#Trump" : 54798,
  "#nathaliestcricqfaitpreuve" : 20124,
  "#plaggiat" : 30377,
  "#madamemensonges" : 27765,
  "#TeamFrance" : 38697,
  "#D4" : 40806,
  "#peur" : 40678,
  "#DébatPrésidentielle2017" : 40204,
  "#lafuite" : 57285,
  "#débat2017 " : 53020,
  "#VousEcoutez" : 34720,
  "#ellemagace." : 57448,
  "#Malhação" : 37797,
  "#JamaisPrésidente" : 151,
  "#kohLanta" : 24204,
  "#E…" : 27699,
  "#Connerie" : 30172,
  "#voterutile" : 3646,
  "#AuxfraisesMacron" : 35825,
  "#cumuldesmandats" : 29765,
  "#thierryarnaud" : 35979,
  "#MacronGate" : 53085,
  "#objectif10millions" : 53326,
  "#mansotich" : 53416,
  "#DS" : 44119,
  "#Mélenchon.Macron" : 40565,
  "#faiblesse" : 23624,
  "#aplatventre" : 28622,
  "#LaHaine…" : 5572,
  "#BAPConcert" : 35416,
  "#Marine," : 57438,
  "#Senegal" : 24585,
  "#EM" : 57369,
  "#hystérique" : 31277,
  "#BabyBoss" : 24833,
  "#Marine." : 6008,
  "#Marine:" : 39077,
  "#Presidentielle207" : 57302,
  "#Dz" : 6714,
  "#serveurde…" : 36334,
  "#lmp" : 15523,
  "#poke" : 25792,
  "#JaiFaitMonChoix" : 24647,
  "#FI" : 53807,
  "#JevoteMacron" : 42463,
  "#EtBing" : 27009,
  "#2017LeDebat\"L'état" : 36196,
  "#2017ledébat" : 56313,
  "#SouillageEnDirect" : 55211,
  "#Marine,…" : 37335,
  "#macron:" : 57223,
  "#FN" : 56630,
  "#StopVeo" : 16760,
  "#En" : 31763,
  "#people" : 35641,
  "#présidentiable" : 28589,
  "#LeDebat" : 57390,
  "#VotonsMacron" : 55764,
  "#macron." : 55685,
  "#macron," : 57331,
  "#2017LeDebat👏" : 24884,
  "#GoodGame" : 40671,
  "#macron…" : 4753,
  "#LesPlantesVertes" : 18061,
  "#programme.…" : 23659,
  "#Fillon" : 57351,
  "#macron!" : 7487,
  "#poll" : 54812,
  "#Intox" : 54861,
  "#media" : 32705,
  "#abattoirs" : 3811,
  "#Retraite…" : 22114,
  "#Respect" : 28921,
  "#Fl" : 31829,
  "#LaGuerreDesBoutons_deTélécommande" : 19040,
  "#Fn" : 55680,
  "#ausecours" : 37410,
  "#perlimpimpin!" : 25290,
  "#RendezMoiMes2hDeVie" : 54436,
  "#çapartencouilles" : 7249,
  "#lol" : 35376,
  "#Emmanuel_Macron" : 31805,
  "#BarrageAuFN" : 37491,
  "#nonàleuroouiaumenhir" : 35402,
  "#SeuilDePauvreté" : 23035,
  "#Très" : 38261,
  "#ONLR" : 52684,
  "#DebatMacronLePen" : 51226,
  "#analyseSC" : 15152,
  "#fakenews" : 38390,
  "#FlopExtremeDroite" : 23279,
  "#Corse" : 53389,
  "#2ndDegre]" : 34519,
  "#HS" : 35625,
  "#U2JT30" : 39054,
  "#SOUTINE" : 18410,
  "#ContreLeFN" : 28608,
  "#MisEnExamen" : 32278,
  "#VousEtiezMinistreALEpoque" : 60,
  "#MarineLePen2017" : 31599,
  "#Europe" : 52254,
  "#IA" : 55098,
  "#Salopeeeee" : 56474,
  "#LaProvidence" : 23788,
  "#PasAuNiveau" : 3288,
  "#ontouchelefond" : 23657,
  "#lepen)" : 55295,
  "#lepen," : 41481,
  "#democratie" : 52418,
  "#TitanicLepen" : 56376,
  "#Job" : 41208,
  "#laschlag!" : 20254,
  "#Christophe" : 22388,
  "#LeDebat2107" : 34800,
  "#plusjamaislefn" : 36569,
  "#mercipourcemoment" : 39291,
  "#MNCJUV." : 34232,
  "#lepen:" : 54170,
  "#lachronique" : 13315,
  "#Macron..tu" : 53524,
  "#lepen." : 23179,
  "#Debat2017»" : 22365,
  "#byebyeMarine" : 30373,
  "#PasLePenDEssayer" : 55257,
  "#Debat2017«" : 54979,
  "#lepen?" : 53692,
  "#PRESIDENTIELLE" : 52837,
  "#jeanmarielepen" : 32090,
  "#2017LEDebat" : 317,
  "#2017ledébatalors" : 31496,
  "#ElectionPresidentielle2017…" : 56601,
  "#Debat2017 " : 56555,
  "#insoumis2017" : 40157,
  "#oupas" : 45111,
  "#2017LeDébat …" : 32805,
  "#FN,on" : 33251,
  "#Coudray" : 55329,
  "#média" : 50429,
  "#lrt" : 35776,
  "#jamais" : 7545,
  "#ElectionPresidentielle2017" : 56074,
  "#PrayForFrance" : 44371,
  "#BHL," : 34606,
  "#SansMoiLe7Mai…" : 42551,
  "#2017LeDebat(reprise" : 3878,
  "#Foresti" : 24163,
  "#LePen🙏🙏" : 26565,
  "#vomir" : 45065,
  "#sensdespriorités" : 36830,
  "#sortezla" : 21311,
  "#luc" : 30475,
  "#MONJUVE" : 36026,
  "#LR" : 40551,
  "#SansMoiLe7Mai:" : 29962,
  "#LT" : 37289,
  "#SansMoiLe7Mai?" : 51652,
  "#JeVotePasMacron" : 23340,
  "#TF1" : 52591,
  "#KeryJames" : 2851,
  "#repost" : 32422,
  "#1995LeDebat" : 6954,
  "#vivemacron" : 40617,
  "#votezmytho" : 13375,
  "#daesh" : 32921,
  "#incompetence" : 27763,
  "#KOdebout" : 28139,
  "#La" : 40865,
  "#Consterné" : 53388,
  "#Le" : 39698,
  "#OnEnVeutPas" : 25231,
  "#mediocrité" : 36828,
  "#electoral" : 50282,
  "#pauvrefrance" : 40715,
  "#Bfmtv" : 55089,
  "#schlag" : 20214,
  "#craquage" : 54107,
  "#Debat2017M" : 41253,
  "#pascalLegrandfrère" : 24675,
  "#Lt" : 37544,
  "#chiche" : 39927,
  "#linfo" : 40606,
  "#Cuck" : 35112,
  "#banderolegame" : 34786,
  "#Debat2017?" : 56041,
  "#CAC40" : 28842,
  "#MaisTaisezVous" : 21909,
  "#NC" : 32489,
  "#2017LeDebat " : 52378,
  "#Debat2017:" : 55706,
  "#Débat2ndTour" : 22535,
  "#NE" : 25886,
  "#levoile" : 30247,
  "#complotspourlesnuls" : 28750,
  "#jesuisrennais" : 37176,
  "#cretine" : 34816,
  "#faut" : 53251,
  "#vivelafrance" : 38878,
  "#Debat2017." : 56635,
  "#jevaismecoucher" : 33667,
  "#Debat2017," : 51179,
  "#Discord" : 4920,
  "#lesEnvahisseurs" : 12631,
  "#manipulation" : 23436,
  "#Philippot" : 56290,
  "#Debat2017…" : 54371,
  "#LeDebatFinal" : 53857,
  "#energybeatchile" : 31839,
  "#2017LeDébat  " : 28388,
  "#Votons" : 34112,
  "#GrandRemplacement" : 11736,
  "#Debat2017\"" : 33793,
  "#Melenchon" : 57352,
  "#Debat2017!" : 39740,
  "#jevotemacron," : 26045,
  "#P…" : 34985,
  "#2017LeDebat|" : 23898,
  "#OL" : 54901,
  "#beurk" : 24176,
  "#fraternité" : 25425,
  "#2017LeDébat :" : 31961,
  "#marseille" : 35314,
  "#macronafaitletaf" : 33668,
  "#7MaiContreLePen" : 53264,
  "#PD" : 28742,
  "#THD" : 3218,
  "#lesrepublicains" : 31597,
  "#plusdimmunité" : 32679,
  "#femmefolle" : 7319,
  "#Syrie..." : 16387,
  "#PR" : 7502,
  "#PS" : 34674,
  "#Down" : 22377,
  "#JamaisMacron" : 55524,
  "#Trumpy" : 37396,
  "#Election" : 38607,
  "#nausée" : 27364,
  "#hotline" : 51467,
  "#QuiVeutMonPoisson" : 11952,
  "#MetGala2017" : 35521,
  "#désarroi" : 36326,
  "#Montrouge" : 29103,
  "#macrondegage" : 52405,
  "#nini" : 23594,
  "#QG" : 30449,
  "#wine:" : 34655,
  "#arabes," : 35691,
  "#QI" : 20567,
  "#CGT" : 56225,
  "#loose" : 16012,
  "#Ps" : 32345,
  "#2017LeDebat…" : 56450,
  "#JLMelenchon" : 23348,
  "#2017LeDebat-" : 33555,
  "#2017LeDebat," : 54074,
  "#2017LeDebat " : 23493,
  "#algerie" : 35693,
  "#2017LeDebat." : 56447,
  "#legranddébat📈" : 37554,
  "#2017LeDebat\"" : 54510,
  "#Sarko" : 38604,
  "#OpBeast" : 35560,
  "#TL," : 26260,
  "#RS" : 55291,
  "#RT" : 51191,
  "#Immaturité" : 24621,
  "#NONlepen" : 51307,
  "#autosuicide" : 20978,
  "#Collomb" : 44166,
  "#Miss" : 40575,
  "#Hysterie" : 8377,
  "#MarineLePen..." : 51244,
  "#NotMyPresident" : 22403,
  "#2017LeDebat " : 34241,
  "#thierryanaud" : 23225,
  "#pynchon" : 39841,
  "#2017LeDebat￼" : 45340,
  "#LesAnges9" : 52441,
  "#marinelepen" : 53397,
  "#OSEZJOSE" : 52484,
  "#SS" : 27500,
  "#monlivre" : 26432,
  "#DIRECT." : 55982,
  "#2017ledebaT" : 38069,
  "#SortonsMacron" : 51061,
  "#lesinsoumis" : 51353,
  "#ParceQueCEstNotreProjet" : 29098,
  "#2017LeDebatc" : 39264,
  "#FN..." : 33948,
  "#2017LeDebat]" : 25592,
  "#TT" : 35211,
  "#bobo" : 41410,
  "#lepenmacron" : 45520,
  "#2017ledebat" : 57494,
  "#formation" : 31611,
  "#LeDébat" : 52312,
  "#2017LeDebat;" : 23741,
  "#2017LeDebat:" : 54144,
  "#Bim" : 35224,
  "#UE" : 30369,
  "#jesuisdebout" : 21253,
  "#F-Haine" : 38521,
  "#neutralite" : 55312,
  "#Etude" : 36029,
  "#UK" : 34644,
  "#Marine!" : 32516,
  "#2017LeDebat=" : 5114,
  "#fiable" : 23530,
  "#2017LeDebat?" : 39929,
  "#envahisseurs" : 49279,
  "#NouvelOrdreMondial" : 34499,
  "#US" : 37087,
  "#france" : 55161,
  "#engagements" : 37972,
  "#banque" : 50258,
  "#lavérité" : 29500,
  "#Finance" : 34107,
  "#true" : 10499,
  "#FranceTV" : 51980,
  "#PenelopeFillon" : 52368,
  "#whatsapp" : 54415,
  "#sautdecabri" : 24224,
  "#painauchocolat" : 24381,
  "#GrandDebat@EmmanuelMacron" : 25910,
  "#Elkrief" : 32196,
  "#Enmarche" : 31801,
  "#WC" : 50438,
  "#NowPlaying" : 34721,
  "#lintraincommun" : 36612,
  "#femmes" : 2727,
  "#etpaf" : 27810,
  "#essentiel" : 37183,
  "#Défense." : 56623,
  "#LePenNON" : 45610,
  "#lemonde" : 51703,
  "#CO2" : 23117,
  "#cqfd" : 52904,
  "#blanc" : 41246,
  "#RendezNousMelenchon....je" : 22814,
  "#RapContendersEnCostardCravatte" : 10258,
  "#MarineLeNaufrage" : 1833,
  "#système" : 6049,
  "#AMourirDeRire" : 28159,
  "#lescrosets" : 38831,
  "#socialiste" : 26845,
  "#Moiprésident" : 28350,
  "#nanteslesmachines" : 40272,
  "#chut" : 11486,
  "#f4f" : 38125,
  "#MacronGates…" : 50779,
  "#NDA2017" : 32285,
  "#culture" : 38377,
  "#NAUFRAGE" : 33050,
  "#MarinePresidente" : 20114,
  "#usa" : 34694,
  "#latine" : 41455,
  "#Cannes" : 53205,
  "#RendezNousMelenchon" : 56718,
  "#MACRON" : 55332,
  "#PUNCHLINES_DU_DÉBAT" : 38063,
  "#jamaisMacron" : 41554,
  "#ladéglingue" : 8211,
  "#MLP2017Fail" : 3103,
  "#Permanent" : 34616,
  "#Insoumis2017" : 43777,
  "#VoteMarine" : 39691,
  "#attentats." : 30005,
  "#LCP" : 34776,
  "#mdr" : 51007,
  "#PasLaPen" : 57325,
  "#micdrop" : 36781,
  "#EmmanueMacron" : 31627,
  "#tragique" : 44179,
  "#stopMLP" : 36873,
  "#jevoteMacronau2dTour" : 22490,
  "#World4Marine" : 50253,
  "#EmmanuelMacron.Rdv" : 23930,
  "#couragendour" : 52827,
  "#UltraVomit" : 24,
  "#2017LeDébat #DébatPrésidentiel  " : 53024,
  "#lepenestbattue" : 39688,
  "#LCI" : 52567,
  "#dtc" : 18823,
  "#Insoumis" : 53323,
  "#onlacherien" : 27144,
  "#CRS" : 32197,
  "#AvecMoiLe7Mai" : 51311,
  "#OVPL" : 54800,
  "#RendeznousMelenchon" : 17410,
  "#voleur" : 37893,
  "#frenchelection" : 36744,
  "#gauchetarée" : 30045,
  "#LDC" : 35754,
  "#digital_marketing" : 34735,
  "#aumoinscestclair" : 32469,
  "#PourMacronEncore" : 33361,
  "#a11y" : 12519,
  "#lepennon" : 33091,
  "#reconversionprofessionnelle" : 30096,
  "#Actualité" : 40348,
  "#Debat2017👇le" : 23458,
  "#calme" : 29281,
  "#23h18" : 33121,
  "#Bahamas!" : 15565,
  "#dontjinxit" : 36980,
  "#jeminterroge" : 6971,
  "#immigrés" : 35692,
  "#JeVoteMarine" : 36224,
  "#Président" : 36378,
  "#Expat" : 23565,
  "#Liban" : 18801,
  "#EXITMLP" : 5407,
  "#rdvle7mai2017" : 26033,
  "#envousremerciant" : 39751,
  "#AvecMacron" : 55688,
  "#bienveillance" : 41841,
  "#melanchon" : 57522,
  "#MLP:\"" : 786,
  "#stream" : 52491,
  "#Ridicule" : 17255,
  "#Jevote" : 42586,
  "#Compol" : 9506,
  "#Debat2017 Le" : 56993,
  "#whatspp" : 30487,
  "#ELYSEE2017:" : 53084,
  "#legislativesInsoumises" : 22634,
  "#Hillary" : 34797,
  "#shame" : 38102,
  "#ViveLePen" : 53355,
  "#Bug" : 18439,
  "#SuicideFNendirect" : 32613,
  "#Dégage" : 30034,
  "#holidayideas" : 34135,
  "#EtamGap" : 37273,
  "#Voila" : 17838,
  "#quedalle" : 21097,
  "#Lafarge" : 34594,
  "#Voile" : 16953,
  "#Justice/" : 35756,
  "#XFiles" : 45448,
  "#clanpin" : 57447,
  "#LHC" : 35967,
  "#Autodestruction" : 54723,
  "#كان" : 40665,
  "#macronSFR" : 50346,
  "#tristeviederriereMarine" : 17849,
  "#manulebon" : 28402,
  "#LIP" : 35472,
  "#debat?" : 7766,
  "#GrandDebat(via" : 8919,
  "#vodka" : 27142,
  "#AReculons" : 31487,
  "#2017LeDebat @legui" : 40206,
  "#heads…" : 23786,
  "#MarineLePen" : 53032,
  "#totaljobs" : 41207,
  "#Macron/vacuité" : 54171,
  "#tapis" : 29114,
  "#Shoah" : 26159,
  "#BienSûr" : 29936,
  "#MindBlown" : 1926,
  "#emmanuelmacron" : 28607,
  "#J❤️la" : 37612,
  "#ruthelkrief" : 50490,
  "#schlague" : 27433,
  "#DupontAignan" : 49290,
  "#Palestiniens.…" : 24609,
  "#france..." : 35652,
  "#c8" : 51817,
  "#fonceManu" : 26008,
  "#fraude2017" : 28621,
  "#FranceInsoumise…" : 57236,
  "#ComptePiraté" : 40111,
  "#FranceInsoumise." : 39754,
  "#ciao" : 32263,
  "#madeinfrance…" : 35656,
  "#Bahamas\"," : 56419,
  "#2017LeDebatIl" : 30580,
  "#JaiDesDossier" : 24834,
  "#mlp" : 57190,
  "#HappyOpening…" : 37274,
  "#Mindfullpolitic" : 25191,
  "#enmarche..." : 30493,
  "#jevoteMacron" : 53566,
  "#levideparvide" : 22163,
  "#chômage," : 38430,
  "#Corbière" : 54012,
  "#mlpnpa" : 30372,
  "#Foutagedegueule" : 40243,
  "#LePen...…" : 604,
  "#Triste" : 1960,
  "#momentgênant" : 18093,
  "#Debat2017allez" : 34517,
  "#fail" : 57080,
  "#semainedes4jours" : 30188,
  "#toutestdit" : 32466,
  "#fake" : 53304,
  "#loyalty" : 55344,
  "#Rénovation" : 37138,
  "#fierdevoterMacron" : 25675,
  "#indogwetrust" : 25513,
  "#tatazinzin" : 2749,
  "#sondage" : 57532,
  "#notre" : 29617,
  "#misérabilisme:" : 30044,
  "#LMP" : 33511,
  "#barrageauFN" : 51064,
  "#débat." : 36315,
  "#RMClive" : 37190,
  "#inaudible" : 17056,
  "#em" : 32857,
  "#en" : 31086,
  "#TousEnsemble" : 31538,
  "#Fillon2017" : 53538,
  "#moi" : 39670,
  "#Gaminerie" : 21301,
  "#Republique" : 37472,
  "#Mossad" : 34516,
  "#JeSuisLaSuisse" : 35976,
  "#JourneeMondialeDeLaLiberteDeLaPresse" : 9919,
  "#2ndTOUR" : 18827,
  "#LeDEbat" : 29317,
  "#fn" : 56112,
  "#Ignorance" : 18049,
  "#DALS." : 52345,
  "#ensemble" : 32527,
  "#francoisbaroin…" : 34601,
  "#2017LeDébat #JeVoteMacron" : 42019,
  "#VivelaFrance" : 34167,
  "#AChier" : 43282,
  "#LOL" : 41836,
  "#NeSoyezPasLâche!" : 39611,
  "#professeur" : 24193,
  "#futurpresident" : 25952,
  "#Sondages" : 39467,
  "#clapdefin" : 20529,
  "#SALAIRES" : 56549,
  "#Gorille" : 34187,
  "#DehorsLaGauche" : 52666,
  "#NTM_FN…" : 31768,
  "#LR…" : 35356,
  "#Russie" : 37077,
  "#LaVéritéÉclatera" : 30240,
  "#goodnight" : 3372,
  "#justasking" : 15909,
  "#tousdansledeni" : 53378,
  "#rendeznousMélenchon" : 39738,
  "#stopfn" : 38427,
  "#Gueugnon" : 41670,
  "#PauvreFrance" : 35019,
  "#larrogante" : 38762,
  "#QuiVeutDonnerDesCoursDeconomieALepen" : 24261,
  "#MacronSurPlanèteRap" : 40743,
  "#2017LeDebat---&gt;#JeVoteMacron" : 10379,
  "#avenir" : 18868,
  "#ouioui" : 35462,
  "#parigi" : 39668,
  "#Courge" : 26765,
  "#je" : 30315,
  "#JusticeADoubleVitesse" : 57392,
  "#2007LeDébat" : 55519,
  "#jk" : 36949,
  "#TF1," : 52110,
  "#fake…" : 29534,
  "#adieu" : 2337,
  "#manipulationmentale" : 23437,
  "#2017LeDodo" : 2206,
  "#lamentable" : 22419,
  "#tantmieux" : 38481,
  "#PasUneVoixPourLeFN" : 57220,
  "#TF1…" : 51722,
  "#misereintelectuelle" : 38817,
  "#Mytho" : 24128,
  "#exitlepen" : 25926,
  "#ko" : 26060,
  "#Voilà" : 1201,
  "#heureusementquelleasesfiches" : 21712,
  "#bonsens" : 24580,
  "#m6" : 52075,
  "#Tf1" : 52031,
  "#Michigan" : 35512,
  "#JeDiraisMêmePlus" : 23145,
  "#la" : 37072,
  "#OnEstPasDesMoutons" : 24767,
  "#Dégagez" : 54000,
  "#debat" : 57529,
  "#jamaismacron" : 35003,
  "#le" : 34407,
  "#paysdecandie" : 29211,
  "#MacronPiegeACons" : 50515,
  "#noirceur" : 6734,
  "#MLPvousêtesridicule" : 38854,
  "#bonnenuit" : 38643,
  "#cancers" : 54968,
  "#Montpellier" : 53204,
  "#macrongate" : 23156,
  "#Ouest-France" : 36752,
  "#marinedegage" : 40838,
  "#jezappeledebat" : 39720,
  "#ASMJuve" : 45147,
  "#Debat2017 face" : 28318,
  "#VOTEZ" : 33204,
  "#Tricherie" : 23366,
  "#LesRepublicains" : 23403,
  "#marinevoldemortmêmecombat" : 38725,
  "#ss11" : 51854,
  "#enfin" : 15310,
  "#AntiFN" : 30974,
  "#insolence" : 1074,
  "#votezMacron" : 40084,
  "#Roqya" : 34085,
  "#presidente" : 38463,
  "#CNEWS…" : 36150,
  "#Marinejuana" : 42341,
  "#riendanslefond" : 25721,
  "#Supercars…" : 34646,
  "#aunomdupeuple" : 23441,
  "#TAFTA" : 37300,
  "#GrandDeba" : 9499,
  "#7mai." : 44195,
  "#marineperlimpipin" : 7223,
  "#JeNeVotePasMacron" : 23266,
  "#votonsmacron" : 39435,
  "#honneur" : 34537,
  "#MLPLogic" : 39945,
  "#GrandDebat" : 57507,
  "#naufrage" : 35485,
  "#2017LeDebat🇫🇷" : 37250,
  "#fautifs" : 35345,
  "#Nucleaire" : 52323,
  "#iamwithhim." : 23555,
  "#MacronPresident." : 23596,
  "#on" : 40251,
  "#2017LeDebatavant" : 25486,
  "#ou" : 24688,
  "#truefact" : 30267,
  "#Avenirdelafrance" : 54869,
  "#clermontferrand" : 40609,
  "#MacronPresident…" : 56405,
  "#The100" : 51947,
  "#INFO" : 36170,
  "#Merde" : 37765,
  "#vive" : 34815,
  "#Présidentielles2017…" : 41471,
  "#LePoidsDesMots" : 53928,
  "#AntiFn" : 37919,
  "#GrandDebat2017" : 53363,
  "#emploi" : 36289,
  "#extrême-droite" : 28902,
  "#🚮" : 57426,
  "#followforfollow" : 38128,
  "#LevraiFN" : 56574,
  "#LeDebat2017" : 56469,
  "#Togo" : 35377,
  "#Merci" : 37660,
  "#FranckDelapersonne." : 53693,
  "#JamaisMaPresidente" : 51534,
  "#Aboyeuse" : 29349,
  "#CONTRELEXTREMEDROITE" : 16762,
  "#Marinelepen" : 52535,
  "#2017LeDebat😂😂La" : 23753,
  "#Programme" : 52588,
  "#Sarkozy" : 51139,
  "#Debat2017...." : 21261,
  "#Minnesota" : 35513,
  "#Baroin1erMinistre" : 39087,
  "#Digital" : 34399,
  "#Ohio" : 35517,
  "#Debat2017...…" : 18000,
  "#5èRépublique." : 52822,
  "#droit," : 35828,
  "#rt" : 2100,
  "#tousauxabris" : 26651,
  "#droite" : 37246,
  "#gag#honte#jamais" : 40193,
  "#2017LeDebat #GrandDebat" : 53292,
  "#RacismeHypocrite" : 41359,
  "#Coquine." : 54426,
  "#secondtour" : 57539,
  "#improvisation" : 28094,
  "#u2" : 39053,
  "#SortonsLepen" : 44213,
  "#presidentencartonbonjour" : 36821,
  "#elleestfolle" : 19893,
  "#TeamOM." : 389,
  "#smart" : 31772,
  "#ouestCharlie?" : 1966,
  "#abaslepen" : 13924,
  "#DébatDeMerde" : 51649,
  "#bienveillante" : 37867,
  "#twitter" : 31834,
  "#39ans" : 28383,
  "#mythomane" : 41141,
  "#2017LeDébat @EmmanuelMacron" : 23548,
  "#BFMacron" : 52404,
  "#le7mai" : 44099,
  "#OLAJAX" : 23017,
  "#uoif" : 33004,
  "#StopFN" : 40695,
  "#abstention" : 45471,
  "#nocomment" : 42620,
  "#arriviste" : 24417,
  "#UPR" : 32782,
  "#w9" : 51815,
  "#PROJET" : 38034,
  "#MLP#malaisetv" : 15243,
  "#HautsdeFrance" : 34229,
  "#PresseEnMouvement" : 16280,
  "#RadioLondres" : 34858,
  "#Debat2017 #2017LeDebat" : 19351,
  "#GrandDébut" : 17076,
  "#WTF😶." : 37321,
  "#Legislatives" : 39174,
  "#Aigrefeuille" : 34707,
  "#LEDEBAT2017 " : 43956,
  "#OGCNPSG" : 23255,
  "#fakenews.." : 37439,
  "#0argument" : 16103,
  "#garantederiendutout" : 53016,
  "#toFedEU" : 36031,
  "#MacronDégage" : 29181,
  "#HautsDeFrance" : 12367,
  "#fuckleFN" : 22883,
  "#MLP2017" : 52046,
  "#votezmacron" : 54407,
  "#LOeufOuLaPoule" : 55142,
  "#debatdegeulasse" : 37484,
  "#DixPourCent" : 16376,
  "#Débatprésidentiel" : 52808,
  "#2017LeDebaton" : 27656,
  "#jesaispasdebattre" : 33039,
  "#2017leDebat et" : 16826,
  "#Avenir" : 39248,
  "#quoteoftheday" : 41012,
  "#AJXOL" : 45148,
  "#President" : 25687,
  "#france3" : 52301,
  "#france2" : 55365,
  "#2017LeDebat@MLP" : 36469,
  "#4degrescelsius" : 35175,
  "#SCUE2017" : 31920,
  "#GoogleAlerts" : 37704,
  "#Macrontonpatron" : 20621,
  "#esn" : 35870,
  "#PatrickDrahi" : 24270,
  "#USA" : 34731,
  "#EnMarche50" : 23342,
  "#SiTuVeuxQue" : 34109,
  "#mindset" : 31771,
  "#france," : 41362,
  "#Marionboitdupetitlait" : 24781,
  "#InfoDSI" : 35165,
  "#Dupont.A" : 27365,
  "#pasmapresidente" : 52027,
  "#Lepen" : 57491,
  "#MDR" : 6492,
  "#DSK" : 37960,
  "#LEDEBAT2017?" : 25611,
  "#DeuxGamins" : 24832,
  "#rireoupleurer" : 18017,
  "#répondauxquestionsMarine" : 40421,
  "#2017ledebat✊" : 40928,
  "#PACA" : 34402,
  "#PublicSénat" : 34777,
  "#santé" : 24526,
  "#Le7" : 42585,
  "#jevote" : 42581,
  "#guerre" : 35774,
  "#LEDEBAT2017:" : 43033,
  "#Kleptocracy…" : 33483,
  "#folle" : 36141,
  "#Naufrage" : 55733,
  "#opacité" : 24432,
  "#LEDEBAT2017…" : 42625,
  "#tourEiffel" : 2402,
  "#NiPesteNiCholéra" : 5765,
  "#LEDEBAT2017." : 43209,
  "#LEDEBAT2017," : 43265,
  "#Rendslargent" : 16039,
  "#nostalgiedelécu" : 52158,
  "#marinelepen#programmeencarton" : 50948,
  "#TeamMacron" : 23270,
  "#incompetente" : 39338,
  "#Mali" : 18338,
  "#blaguedelannée" : 21881,
  "#apres17h" : 33943,
  "#Lafillelepen" : 21383,
  "#8mai" : 51796,
  "#antiFN" : 44214,
  "#feedly" : 31974,
  "#onestpasdanslamerde" : 30040,
  "#VoterUtile" : 25111,
  "#actu" : 35636,
  "#vérité" : 37971,
  "#Les" : 40579,
  "#EnMarcheBXL" : 22925,
  "#Présidentielle2017" : 54438,
  "#CourDécole" : 25000,
  "#misere" : 25027,
  "#realiste" : 29213,
  "#Election2017" : 10390,
  "#Agroalimentaire" : 52324,
  "#Elysee" : 51469,
  "#débat" : 53392,
  "#Manu" : 56463,
  "#NewYork" : 35518,
  "#opéra" : 34382,
  "#Sondage" : 23287,
  "#gallet" : 53825,
  "#oups" : 18753,
  "#niqueMLP" : 42091,
  "#vide" : 38498,
  "#agency" : 34732,
  "#elkrief" : 53649,
  "#follow4follow…" : 38129,
  "#internet" : 36407,
  "#SmokeWeedEveryday" : 13563,
  "#lepensouffrance" : 40367,
  "#EmmanuelMACRON" : 30000,
  "#nilunnilautre" : 29330,
  "#puteàvoix" : 28229,
  "#folie" : 12966,
  "#éclairée..." : 37870,
  "#Turquie" : 56638,
  "#Imposture" : 32134,
  "#Fillon?#dignité" : 22432,
  "#PlusBelleLaVIe" : 4799,
  "#GTXRattrapage" : 36855,
  "#Annulation" : 27273,
  "#JeanneAuSecours" : 35676,
  "#MlLP2017" : 5531,
  "#RendezNousMelenchon…" : 44104,
  "#2017LeDebat:c'est" : 54316,
  "#RendezNousMelenchon." : 31816,
  "#genant" : 22598,
  "#stopLepen" : 55851,
  "#stopauxidioties" : 23670,
  "#macronpresident" : 40841,
  "#RendezNousMelenchon," : 34432,
  "#moralisation" : 22608,
  "#LeFigaro" : 24083,
  "#numérique," : 35869,
  "#Avote  " : 53354,
  "#SocieteGenerale" : 24852,
  "#LEDEBAT201" : 28470,
  "#orageuses" : 41319,
  "#ethop" : 56428,
  "#LePoidsDesMots…" : 56937,
  "#extrêmes." : 31099,
  "#EnMarche,une" : 30803,
  "#MMA" : 37754,
  "#TropHonte" : 27895,
  "#fraude" : 50259,
  "#pasalahauteur" : 33347,
  "#french…" : 38186,
  "#jaipeurpourdimanche" : 19346,
  "#Enorme" : 29837,
  "#MLP" : 57534,
  "#LesRavagesDuLSD" : 20872,
  "#MOIMOCHEETMECHANT" : 34692,
  "#stature" : 29282,
  "#FullMetalAlchemist" : 37000,
  "#gene" : 44787,
  "#jsuisauboutdemavie" : 6475,
  "#SecretStoryPresidentiel" : 18101,
  "#emotions" : 36380,
  "#2017LeDebatje" : 38264,
  "#Ensemble" : 31944,
  "#Switzerland" : 34645,
  "#France-#Israel" : 37346,
  "#AvecMacron…" : 34955,
  "#naufrage..." : 32936,
  "#MarineOfArc" : 50250,
  "#MLp" : 34199,
  "#VivementLesLegislatives" : 22518,
  "#CamerounVie" : 39289,
  "#parasite!" : 31298,
  "#l'abstention" : 27272,
  "#TF1Presidentielle2017…" : 52286,
  "#jevotemarin...(je" : 42491,
  "#lafarce" : 53377,
  "#menteuse" : 24281,
  "#Risible." : 8733,
  "#lependegage" : 27393,
  "#2017LeDebat😨" : 5700,
  "#bagarre" : 12173,
  "#MythoDeClasseMondiale" : 50975,
  "#2017LeDebatla" : 35906,
  "#2017LeDebatle" : 30485,
  "#ecole" : 25588,
  "#1988LeDebat" : 5509,
  "#Debat2ndTour..." : 29131,
  "#2007LeDebat" : 27708,
  "#parasite," : 27329,
  "#2017LeDébat@EmmanuelMacron" : 42496,
  "#2017LeDebat ." : 29104,
  "#LaJeunesseEnculeLeFrontNational" : 30495,
  "#ToutSaufLepen" : 30996,
  "#MarineLaHaine" : 22949,
  "#JASSUME" : 437,
  "#Perlimpinpin" : 57063,
  "#insoumis," : 42671,
  "#JaiMalAMaFrance" : 52423,
  "#Debat2017\"le" : 30085,
  "#ÉviterLepen" : 35453,
  "#LeRidiculeTue" : 22444,
  "#L2com" : 11606,
  "#Ausecours" : 6319,
  "#plagiat" : 24331,
  "#Presidentielles" : 55034,
  "#2ndTOUR…" : 24123,
  "#Voldemort" : 34416,
  "#veldhiv" : 24926,
  "#moralisezlaviepublique" : 40840,
  "#Chtis" : 53783,
  "#jairienadire" : 56438,
  "#monchoixestfait" : 40959,
  "#macronlepen?" : 52482,
  "#généreuse" : 37869,
  "#Lol" : 37409,
  "#nt1" : 51816,
  "#WarriorMode" : 22576,
  "#Superman" : 28494,
  "#BreakingNews" : 53776,
  "#TraduisonsLes" : 40596,
  "#aggressive." : 29212,
  "#Errance" : 41221,
  "#Conclusion" : 27059,
  "#debatpresidentielMatch" : 35301,
  "#politique" : 35937,
  "#ringarde" : 8020,
  "#FranceInfo" : 54719,
  "#doute!" : 54725,
  "#cestpasmafranceàmoi" : 38724,
  "#cestquilemouton" : 28107,
  "#LesAnges" : 37179,
  "#ateşçemberi" : 31943,
  "#CoupDeGueule" : 37621,
  "#Adress" : 40578,
  "#gueugnon\"" : 18078,
  "#stopFN" : 31109,
  "#ECU" : 1481,
  "#stop…" : 34628,
  "#MacronCestNON" : 37615,
  "#Germany" : 34641,
  "#MarineDelterme" : 51685,
  "#Fakenews" : 53827,
  "#ViveMacron" : 35452,
  "#2017LeDebat  " : 56780,
  "#2017LeDebat Une" : 4275,
  "#MyBad" : 16882,
  "#souveraineté" : 55553,
  "#2017LeDebat #EnMarche" : 31736,
  "#EDS" : 31887,
  "#président" : 40097,
  "#dégage" : 13038,
  "#wwII" : 4370,
  "#chirac" : 32209,
  "#Jeconfirme" : 42555,
  "#plusloin" : 39546,
  "#plusdedebat" : 25836,
  "#peinedemort" : 41289,
  "#Macronette" : 34175,
  "#2017LeDebat #NotreRepublique" : 34206,
  "#nul" : 56401,
  "#tf1," : 51852,
  "#onpc" : 31760,
  "#2017LeDebat@@BFMTV" : 50720,
  "#Lrt" : 34472,
  "#NouvelleCaledonie" : 32490,
  "#BesoinDAir" : 29208,
  "#legislatives2017" : 53596,
  "#l'instantpubmalvenu" : 26323,
  "#TitanicLePen" : 51944,
  "#Memoire" : 28576,
  "#BrillanteIdée" : 57097,
  "#Juventus" : 41324,
  "#PasLePendEssayer" : 40374,
  "#MLPen" : 23672,
  "#PédophiliePourTous" : 84,
  "#rendeznousmelenchon" : 53484,
  "#Insupportable" : 51266,
  "#mrlepresident" : 26668,
  "#putaincapenche" : 23729,
  "#Anges9," : 53781,
  "#france#terrorisme#election🇫🇷" : 35932,
  "#MONJUV" : 53049,
  "#emploiaccompangé" : 28557,
  "#rental" : 34638,
  "#JaimeLaFranceMetisse" : 50641,
  "#DangerMacron…" : 52652,
  "#JDCJDR" : 6453,
  "#Diakanké" : 35010,
  "#politiqué" : 51805,
  "#pipeau" : 51900,
  "#magistrats=…" : 24593,
  "#LEmissionPolitique" : 39648,
  "#lepen2017" : 45505,
  "#Dimanchejevote" : 24763,
  "#Online" : 31836,
  "#macronlepen…" : 33501,
  "#honteux" : 57410,
  "#photoshop" : 53611,
  "#justelavérité" : 167,
  "#volkswagen" : 39406,
  "#presidentielle2017" : 52389,
  "#perlimpinpin…" : 7246,
  "#piddino," : 24157,
  "#sequenceEnvahisseurs😳" : 12903,
  "#optimisme" : 26183,
  "#3615jenenpeuxplus" : 35552,
  "#fiv" : 35925,
  "#PasProjet" : 38434,
  "#Le7mai," : 41812,
  "#Le7maiMacronCestNon" : 2234,
  "#AucunProfessionnalisme" : 24766,
  "#sang" : 54787,
  "#ASMJUV" : 55789,
  "#team225" : 24195,
  "#frenchriviera" : 40663,
  "#BonneNuit" : 33362,
  "#FhaiNe" : 39158,
  "#Présidentielle" : 55468,
  "#Macronsansadhesion" : 33183,
  "#conne" : 56218,
  "#DictatureBancaire" : 23575,
  "#societeinclusive" : 23163,
  "#StopTirageAuSort" : 24701,
  "#jaimalamafrance" : 21266,
  "#EnMarche" : 57535,
  "#animaux" : 3809,
  "#l'ehaïm" : 30314,
  "#CombatDeChien" : 21585,
  "#Elle" : 34298,
  "#insupportable" : 56389,
  "#Debat2017;#LEDEBAT2017" : 40691,
  "#PunchLoool" : 36964,
  "#corrida" : 3813,
  "#Système" : 52682,
  "#aspirine" : 14598,
  "#Pétain" : 27505,
  "#jeprendsmesresponsabilites" : 40934,
  "#BrunoRetailleau" : 34600,
  "#2017LeDebat:Alors" : 11894,
  "#classe" : 36381,
  "#paris" : 40973,
  "#elabe" : 34339,
  "#2017LeDeba" : 34617,
  "#fn=" : 31982,
  "#MLP_OFFICIEL" : 24198,
  "#FNPN" : 32635,
  "#EM…" : 30409,
  "#CostumeTropGrand" : 41003,
  "#Présidentielle," : 34379,
  "#fn." : 24695,
  "#affligeant" : 27147,
  "#Aufond" : 14753,
  "#Boston:" : 34304,
  "#Marion_M_Le_Pen" : 38057,
  "#Agaçante" : 8056,
  "#verte" : 28301,
  "#RetirezMoiPhotoshop" : 7785,
  "#jeudemot" : 4873,
  "#RoueLibre" : 20791,
  "#melenchon" : 23578,
  "#okjesors" : 24747,
  "#EME" : 34614,
  "#écologie," : 15700,
  "#Punchline @EmmanuelMacron" : 27371,
  "#EM," : 28349,
  "#marinelagamine" : 51765,
  "#Presidentielle2017@EmmanuelMacron" : 40454,
  "#Corruption" : 32145,
  "#solidaire" : 37866,
  "#nerveux" : 26592,
  "#Handicap" : 51543,
  "#MLepen" : 50906,
  "#tagueulemarine" : 39925,
  "#BFMWC" : 30508,
  "#Abstention" : 40909,
  "#MarineRendsLargent" : 12869,
  "#debatfrance2…" : 22841,
  "#Boutin2022" : 44098,
  "#Harakiri" : 50395,
  "#Presidentielle2017..." : 3268,
  "#verdun#seconde#guerre#mondiale" : 35695,
  "#2017leDebat." : 11648,
  "#ViveLeProgrès" : 18663,
  "#2017leDebat," : 37827,
  "#Debat2017" : 57527,
  "#DangerMacron" : 52676,
  "#cybernétique" : 35775,
  "#2017leDebat…" : 24174,
  "#Presidentielle2017  #EmmanuelMacron" : 27303,
  "#07mai" : 38106,
  "#MarineLePenc'estuneblague" : 34052,
  "#Une" : 37192,
  "#deezer" : 34959,
  "#Pitoyable" : 51998,
  "#planA" : 32132,
  "#français." : 38944,
  "#BienFait" : 26728,
  "#Debat2017 😎😎" : 24559,
  "#jplq" : 25494,
  "#BFMTV" : 56976,
  "#SergioRamos" : 43161,
  "#2017LeDebat …" : 54096,
  "#LaFranceInsoumise..." : 3746,
  "#Lille" : 34226,
  "#MLP_officiel" : 54718,
  "#debatpresidentiel(via" : 52744,
  "#Syrie" : 33062,
  "#2017LeDebat.#lepen.garante" : 56968,
  "#PenelopeGate" : 35117,
  "#soumis" : 50449,
  "#MLP_officiel…" : 35868,
  "#Présidentiel" : 35181,
  "#DieuCosmique" : 36383,
  "#Banquier" : 25764,
  "#RkoOuttaNowHere" : 54790,
  "#minable" : 37444,
  "#AlterQG" : 41268,
  "#echec" : 24344,
  "#MLP_officiel." : 18405,
  "#Ecologie" : 52322,
  "#digne" : 38245,
  "#lwili" : 53080,
  "#essentieldel’actualité" : 34149,
  "#SANANES" : 51766,
  "#joke" : 51821,
  "#Liberté" : 544,
  "#hontepourmonpays" : 2300,
  "#President." : 40784,
  "#enmarche" : 56113,
  "#selfie" : 39673,
  "#jugementmajoritaire" : 27231,
  "#wtf" : 38927,
  "#VotonsMacron…" : 31321,
  "#rapcontenders" : 51500,
  "#jppdesgosses" : 43079,
  "#facebookdown" : 54010,
  "#melechon." : 50577,
  "#Consternant" : 54050,
  "#2017LeDebat #Debat2017" : 19498,
  "#NDA" : 32578,
  "#FrontNational" : 32642,
  "#BlueCheese" : 34659,
  "#infertilite" : 35927,
  "#dediabolisation" : 23013,
  "#2017LeDébat" : 57516,
  "#besançon" : 35473,
  "#match" : 53253,
  "#tropdeconfiance" : 39217,
  "#pipeau2017" : 51942,
  "#6eRépublique" : 57005,
  "#allezvoter" : 3640,
  "#LEPENISOVERPARTY" : 4500,
  "#nimacronnilepen" : 40156,
  "#suicidemediatique" : 26674,
  "#BFMTV!" : 55311,
  "#mamanmacron" : 28978,
  "#LeGrandDebat https://t.co/EA02wEzcp5" : 44307,
  "#marinelepen?" : 39657,
  "#meilleurconseil" : 25791,
  "#BFMTV…" : 24096,
  "#2017LeDebatSIC" : 50703,
  "#vudecreteil" : 56067,
  "#totalrespect" : 14404,
  "#FinDuGame" : 42468,
  "#Belkassem" : 34027,
  "#conclusion" : 30454,
  "#FHaine" : 54443,
  "#ElyséeLive…" : 11945,
  "#SuicideMédiatique" : 32111,
  "#France\"@avec_marine:ALERTE" : 34258,
  "#2017LeDebat" : 57538,
  "#agressivitéVSapaisement" : 25722,
  "#BFMTVB" : 34691,
  "#demagoFhaine" : 53064,
  "#monstre" : 55036,
  "#Poutine." : 41361,
  "##2017LeDebat" : 53070,
  "#pasabstention#barrage" : 33889,
  "#PassionAB" : 3487,
  "#YaPasdedébatpossibleavecunehystérique." : 45233,
  "#BINGO" : 7285,
  "#breakingnews" : 35016,
  "#marinelepen." : 50754,
  "#réaliste" : 30301,
  "#ClinkClinkBitch🍷" : 30345,
  "#obama" : 26482,
  "#2017LeDebat MLP" : 1922,
  "#Incorrection" : 4104,
  "#BFMTV." : 53885,
  "#TOUTSAUFMACRON" : 52689,
  "#Marine2017…" : 50654,
  "#lagrandedebacle" : 30639,
  "#bibliotheques" : 22731,
  "#citoyen" : 35674,
  "#Lepen!\"Profiteur" : 55912,
  "#DebatStérile" : 52078,
  "#union" : 42027,
  "#apprentissage" : 30330,
  "#Architecture" : 36491,
  "#fatigue" : 9039,
  "#JENPEUXPLUS" : 28891,
  "#GrandDebat " : 53021,
  "#shlag" : 25117,
  "#DuGoudronEtDesPlumes" : 22402,
  "#ElyséeLive." : 49265,
  "#Java" : 34615,
  "#Marine2017," : 18895,
  "#Griezmann" : 31790,
  "#500Freres" : 6230,
  "#enMarcheContreLePen" : 30557,
  "#Marine2017." : 50409,
  "#envoyezlesGIF" : 12794,
  "#TirageAuSort" : 30307,
  "#GrandDebat?" : 55961,
  "#voteBlanc" : 53325,
  "#lecandidataplatventre" : 29184,
  "#vivementleslegislatives" : 24517,
  "#le7maijevoteMACRON" : 54703,
  "#badtrip" : 54912,
  "#DébatPrésidentielle" : 56002,
  "#2017LeDebat..ahhhhh" : 14712,
  "#GrandDebat," : 24771,
  "#Allemagne" : 41469,
  "#PoidsDesMots…" : 56179,
  "#GrandDebat." : 33367,
  "#corruption" : 34969,
  "#Fatiha" : 36102,
  "#Debat2017...un" : 35970,
  "#bescherelletamere" : 55423,
  "#JeanLucMélenchon" : 37813,
  "#RCPCoutances" : 34512,
  "#gameover" : 39003,
  "#ridicule" : 51999,
  "#MadeInFrance" : 33195,
  "#merkel" : 56907,
  "#ImpostureFN…" : 28121,
  "#PutainCinqAns" : 14480,
  "#MacronPresident" : 57299,
  "#Officiel" : 34991,
  "#niFNniMacron" : 30340,
  "#2017LeDébat #TPMP" : 57258,
  "#Terre" : 22651,
  "#Ardeche" : 37386,
  "#posture" : 23527,
  "#BordelDeDroit" : 43014,
  "#NonAuFN" : 51359,
  "#GrandDebat￼" : 45341,
  "#2017LeDebat#bud" : 13034,
  "#Trahison" : 4412,
  "#lapesteoulecoléra" : 18555,
  "#labonneblague" : 38975,
  "#siTuVoisCeQueJeVeuxDire" : 27735,
  "#jlmelenchon" : 23424,
  "#Propagande" : 53553,
  "#sécurité," : 33287,
  "#numérique" : 31658,
  "#revontons" : 55756,
  "#ThugLife" : 16026,
  "#SuperNanny" : 43933,
  "#FesséeNationale" : 23704,
  "#NonAuFn" : 51312,
  "#République…" : 34316,
  "#NewYorkUnitéSpéciale" : 51830,
  "#GrandDebat…" : 51008,
  "#Philippot," : 1537,
  "#JeVoteLe7Mai" : 56393,
  "#Débat207" : 31898,
  "#LeDebat2017 " : 43440,
  "#Horla" : 36286,
  "#France" : 57469,
  "#LePen:" : 54088,
  "#Mélenchon," : 22430,
  "#News" : 38892,
  "#Marion" : 32444,
  "#PBLV" : 43671,
  "#LePen." : 57337,
  "#Tusersàrien" : 23495,
  "#kebetu" : 24586,
  "#LePen," : 57470,
  "#NONauFN" : 51297,
  "#bravo…" : 24152,
  "#LePen…" : 54985,
  "#Calais" : 7888,
  "#LePen\"" : 57053,
  "#LePen!" : 57291,
  "#Mlp" : 43268,
  "#LGBT" : 27539,
  "#UPDATE" : 44109,
  "#PremierMinistre" : 22902,
  "#lemurdescons" : 29735,
  "#CharlesVanes" : 51828,
  "#France2017" : 39076,
  "#leburqa" : 30248,
  "#Marine" : 57490,
  "#barrage" : 33552,
  "#Mme" : 34217,
  "#SchSurSkyrock" : 34220,
  "#spleen" : 39674,
  "#ExitLePen" : 38362,
  "#stopfn7mai" : 56007,
  "#LePen?" : 57265,
  "#MaVieDeCm" : 5421,
  "#élections2017…" : 53158,
  "#مرسيليا" : 35317,
  "#RienFoutu" : 52029,
  "#paradisfiscaux" : 50260,
  "#liguemagnus" : 34589,
  "#gay" : 28741,
  "#sortonsLePen" : 31870,
  "#Journaliste" : 41304,
  "#toutsauflatruie" : 23301,
  "#findugame" : 40808,
  "#gad" : 26995,
  "#debilosphère" : 1394,
  "#GreysAnatomy" : 52155,
  "#RESPECT" : 26497,
  "#ENMARCHE" : 36505,
  "#GoMacron" : 1061,
  "#LaFranceVaCouler" : 52314,
  "#LeDébat2017:" : 40171,
  "#Avote" : 25617,
  "#LaFranceEnMarche" : 28390,
  "#Calipage," : 1137,
  "#LeDebat2017…" : 39863,
  "#lmpt" : 17677,
  "#L2COM" : 43431,
  "#Presidente" : 38243,
  "#SujetLibre" : 27961,
  "#Whirlpool:" : 53175,
  "#Twitterjetaime" : 18046,
  "#pouris" : 31467,
  "#فرنسا" : 40664,
  "#MélenchonAuSecours" : 11955,
  "#ou?" : 14660,
  "#zoo…" : 34191,
  "#Alerte" : 33879,
  "#France..." : 38005,
  "#Help" : 52304,
  "#MoyenOrient" : 56637,
  "#Disqualifiée" : 50889,
  "#lesbeauxgosses" : 34083,
  "#granddebat" : 52022,
  "#équipes" : 51979,
  "#RendezNousCheminade" : 34433,
  "#ensembleallonsplusloin" : 26510,
  "#RTLFlashActu" : 16674,
  "#collabo" : 27918,
  "#proportionnelle," : 30129,
  "#JeFile" : 35012,
  "#Bergerac" : 34715,
  "#Désinformation" : 34498,
  "#ResisTeamFR" : 34437,
  "#MarineElkeRespectRien😂😂😂" : 38872,
  "#jerisseulement" : 28990,
  "#Kinder" : 35504,
  "#done" : 27781,
  "#Jaisurvécu" : 10597,
  "#autisme" : 52384,
  "#2017Ledebat," : 209,
  "#2017Ledebat." : 55935,
  "#telerealite" : 53785,
  "#Mediocrite" : 1095,
  "#Mélenchon" : 54945,
  "#FDG" : 34764,
  "#cannes" : 40661,
  "#aucunniveau" : 28991,
  "#quinquennat" : 26585,
  "#bouffonne" : 19991,
  "#ComprendraQuiPourra" : 34814,
  "#Ecu" : 18163,
  "#solidarité" : 42026,
  "#Kommunity" : 40397,
  "#expatrié" : 36521,
  "#bulldog" : 35533,
  "#FacebookLIVE" : 51719,
  "#gazelles" : 34683,
  "#titanic" : 53615,
  "#pathetique" : 5726,
  "#APlatVentre" : 50450,
  "#terrorisme" : 38431,
  "#Follow" : 36522,
  "#Catherinesaintcricq" : 22837,
  "#MarineLePen.." : 40035,
  "#titaniclepen" : 56535,
  "#DeboutLaFrance" : 22425,
  "#américain" : 36524,
  "#lachroniquedehope" : 3278,
  "#GrandDebat #2017LeDebat" : 36935,
  "#MalAMaFrance" : 20034,
  "#MarineLePen#unehonte" : 50810,
  "#Copé" : 57358,
  "#droitsdelhomme" : 36868,
  "#2017LeDebat.on" : 55974,
  "#unereponseaccompagnéepourtous" : 51545,
  "#Presidentielle2017 " : 50563,
  "#technologie" : 31773,
  "#mercilestwittos" : 4434,
  "#PasÀlaHauteur" : 7693,
  "#Projet" : 42031,
  "#MarioKart" : 34580,
  "#ActeurStudio" : 13867,
  "#DangerLePen" : 26486,
  "#Votez" : 22885,
  "#WorldNews" : 35640,
  "#Méditerranée" : 56639,
  "#mémoire" : 34366,
  "#fHaine" : 39874,
  "#LafilleLePen" : 22111,
  "#burpees" : 14461,
  "#attaque" : 44951,
  "#marquedefabrique" : 50581,
  "#granddébat" : 55136,
  "#CNEWS" : 23217,
  "#transfoNum" : 29175,
  "#LeVraiMacron" : 50448,
  "#passinulle" : 23031,
  "#vielleconne" : 24279,
  "#legranddebat" : 53565,
  "#Macron..." : 24512,
  "#trump" : 43056,
  "#biendit" : 25663,
  "#chocolatine" : 24382,
  "#Debat2017vous" : 39108,
  "#touchécoulé" : 40807,
  "#MarinelePen" : 50712,
  "#electiondemerde" : 2299,
  "#indigné" : 25488,
  "#DémocratieEnDanger" : 33754,
  "#jeVoteMacron" : 29708,
  "#TristeEpoque" : 6519,
  "#TransitionEnergetique" : 21156,
  "#MARINE" : 41834,
  "#contrelepen" : 28609,
  "#Paysdelaloire" : 36290,
  "#Hamon2022" : 44461,
  "#drogue" : 1652,
  "#sarace" : 35176,
  "#2017LeDebat...ha!" : 11369,
  "#FN!" : 32279,
  "#FN\"" : 33804,
  "#Chirac" : 57512,
  "#CohnBendit" : 35110,
  "#LeGrandDebat#et" : 41448,
  "#pays" : 26640,
  "#priorite" : 28611,
  "#Debat2017  " : 27302,
  "#alternance" : 52775,
  "#Twitter." : 25112,
  "#disappointed" : 51823,
  "#videintersideral" : 30973,
  "#FN?" : 33000,
  "#Debat2017qu'il" : 27327,
  "#En…" : 27564,
  "#2017LeDebat  Il" : 23056,
  "#JeVoteMacron#2017LeDebat" : 23339,
  "#FN," : 57070,
  "#Lepen\"," : 10006,
  "#VivementDimanche" : 2731,
  "#FN." : 54731,
  "#followme" : 38126,
  "#francoisfillon" : 39627,
  "#ReviensNousMélanchon" : 35333,
  "#musique" : 31777,
  "#lechangementcpasmtn" : 4605,
  "#debatpresidentielle2017…" : 54002,
  "#RECYCLER" : 27442,
  "#Le7maiContreLePen" : 30491,
  "#MarineLePen..marine" : 50535,
  "#GGRMC" : 32753,
  "#VotezMLP" : 27847,
  "#pas" : 34978,
  "#tellementvrai" : 40896,
  "#MerciPourLeDebat" : 36509,
  "#Russie," : 35363,
  "#DonaldTrump" : 37088,
  "#MadeinSV" : 31657,
  "#LeDebat #2017LeDebat" : 42720,
  "#tyranie" : 39437,
  "#MacronWin" : 5621,
  "#ElyseeLive" : 51583,
  "#lobs" : 51704,
  "#AuNomDuPeuple" : 50653,
  "#legranddébat" : 56243,
  "#indigne" : 41098,
  "#Hello" : 51960,
  "#ellea2anslameuf" : 38809,
  "#factchecking" : 41492,
  "#sourirecarnassier" : 1310,
  "#néant" : 32441,
  "#ChiensDeGarde." : 34746,
  "#LENCLU" : 21938,
  "#psychotropes" : 886,
  "#Incompétence" : 55056,
  "#LaFranceInsoumise" : 54705,
  "#housemusic" : 37798,
  "#LEDEBAT" : 40535,
  "#fear" : 37980,
  "#TPMP" : 36028,
  "#Legistalive2017" : 31647,
  "#twitterdown" : 54011,
  "#Gers." : 33503,
  "#BrefOuvrezLesYeux" : 38480,
  "#ricanement" : 1309,
  "#sansmoile7mai" : 53031,
  "#ForceEtHonneur" : 38696,
  "#MortalKombat" : 5872,
  "#risible" : 22999,
  "#Économie" : 22246,
  "#FR2" : 52019,
  "#nuit" : 39672,
  "#ledébat2017" : 45480,
  "#FautRigoler" : 11265,
  "#JaimelaFrance" : 53318,
  "#TeamJbzz" : 25581,
  "#aesh" : 24818,
  "#Rigueur" : 34636,
  "#liberte…" : 41371,
  "#Violences" : 34785,
  "#NoJoke" : 43063,
  "#Corbiere" : 1121,
  "#WTF" : 56492,
  "#DroitDuTravail" : 1899,
  "#yurzradio" : 34722,
  "#Ffillon" : 36236,
  "#mepri" : 52677,
  "#2017LeDebat @EmmanuelMacron" : 42253,
  "#girouette" : 29632,
  "#handicapes…" : 30071,
  "#marathon" : 10050,
  "#LesHandisVotent" : 11102,
  "#BringBackOurWhatsap" : 54647,
  "#français" : 24854,
  "#like4like" : 34188,
  "#OEA" : 36705,
  "#IéloSubMarine" : 21957,
  "#Débat2017👏👏👏" : 19030,
  "#follow" : 38124,
  "#VoteAgainstHate" : 38144,
  "#FrenchCheese" : 34657,
  "#2017leDébat" : 56346,
  "#teammacron" : 26163,
  "#merdias" : 50430,
  "#présidentiables" : 35675,
  "#RTLMatin" : 51680,
  "#Florida" : 35510,
  "#ToutsaufLeFen" : 29392,
  "#ohwait" : 28251,
  "#LePen" : 57525,
  "#cochonne" : 53699,
  "#ledebat" : 55538,
  "#MarinePrésidente." : 33277,
  "#LeFilm" : 54043,
  "#AurevoirMLP" : 31219,
  "#campagne" : 35344,
  "#alicenevers" : 51684,
  "#MarineDehors" : 29807,
  "#PierreBerger" : 27677,
  "#Kamoulox" : 32270,
  "#insignifiante" : 50133,
  "#lepen.." : 54748,
  "#ledébat" : 38486,
  "#Soninké" : 18340,
  "#mediapol" : 51463,
  "#OnEstPasDansLaMerde" : 40016,
  "#ToutSaufLeFN" : 32588,
  "#EnsemblePour2017" : 16828,
  "#jeanlassalle" : 51514,
  "#OnSeFoutDeNous" : 21106,
  "#Français" : 45278,
  "#Concert" : 35415,
  "#fièredetreenmarche" : 31523,
  "#SecretStory" : 4085,
  "#OlivierMenard" : 19800,
  "#evening" : 40274,
  "#commission" : 38148,
  "#Hamon2017" : 27658,
  "#G20YEA" : 37835,
  "#etbim" : 15827,
  "#lexo" : 23947,
  "#2017LeDebat.Quand" : 16774,
  "#onlesasperdu" : 52546,
  "#Europe…" : 34208,
  "#7Mai…" : 36174,
  "#cestpasgagné" : 20002,
  "#chainesmedias" : 36408,
  "#PRESIDENTIEL2017" : 24122,
  "#merciMarine." : 42924,
  "#commentdire" : 38277,
  "#GameOver" : 19596,
  "#suicidepolitique" : 31317,
  "#Schague" : 8630,
  "#NonALePen" : 51316,
  "#JeSuisChristoph" : 34751,
  "#vousetescouche" : 21252,
  "#LaDrogue" : 15508,
  "#philippot" : 32713,
  "#bfmtv…" : 51818,
  "#CETA" : 37299,
  "#BebeHollande" : 23857,
  "#AlbumDeLaComtesse" : 39214,
  "#LeVestiaire" : 45174,
  "#elleestnulle" : 32356,
  "#BFMTV/#Elabe" : 2322,
  "#MACRON," : 35184,
  "#Merkel...…" : 39700,
  "#2017leDebat" : 57445,
  "#Peuple" : 55752,
  "#pma" : 35928,
  "#2017LeDébat #DébatPrésidentiel " : 53050,
  "#Debat2017🇫🇷" : 19300,
  "#ElectionsPresidentilles2017" : 37718,
  "#GreysAnatomy." : 51918,
  "#Presidentielle2017…" : 54974,
  "#Nomdedieu" : 18016,
  "#FonceDalle" : 35502,
  "#NonauFN" : 55887,
  "#LaHonte" : 55682,
  "#france2017" : 34533,
  "#TrouNoir" : 33718,
  "#pnl" : 43556,
  "#Europe2017" : 38060,
  "#Hystéro" : 26943,
  "#ONU" : 32130,
  "#Elections" : 33707,
  "#NonauFN." : 55861,
  "#JeVote " : 42527,
  "#ElleMaîtriseR" : 28216,
  "#antiLePen" : 24333,
  "#2017LeDebat...." : 11235,
  "#Libe" : 1053,
  "#2017LeDébat #2017LeGrandDebat" : 22855,
  "#Presidentielle2017:" : 24044,
  "#Poutine" : 57471,
  "#ellefaitpeur" : 18808,
  "#thuglife" : 9928,
  "#réconciliation" : 8329,
  "#RIPMarine" : 23571,
  "#keepcalmandwait" : 26369,
  "#Macron/#LePen" : 56613,
  "#incapable" : 6414,
  "#VIDEOS" : 3168,
  "#MarineK.O" : 52066,
  "#LoiTaubira" : 29719,
  "#journalistes" : 53557,
  "#Stuip" : 20686,
  "#TF1Presidentielle2017" : 52551,
  "#ring," : 25278,
  "#IIHFWorlds" : 40415,
  "#MLPNDA…" : 34257,
  "#guignols" : 35968,
  "#malhonnete" : 23773,
  "#Fraternite" : 29021,
  "#Enmarche_uk" : 30349,
  "#bfm#cnews#etc" : 32706,
  "#VotezMacron" : 31016,
  "#cibler" : 32971,
  "#deuxiemebulletin" : 32930,
  "#lesvisiteurs" : 34307,
  "#libertedelapresse…" : 50829,
  "#debatmacronlepen" : 56353,
  "#danger" : 30425,
  "#JeVote" : 54138,
  "#president" : 30683,
  "#Virginia" : 35515,
  "#soir…" : 40275,
  "#LesZozos" : 52313,
  "#Législatives2017 :" : 36955,
  "#MarineElysee" : 29974,
  "#7Mai2017" : 54825,
  "#fermela" : 7512,
  "#lereplis" : 27266,
  "#1988" : 57344,
  "#Délivrance..." : 19405,
  "#USA," : 37078,
  "#AMAZING" : 310,
  "#USA." : 36952,
  "#université:" : 30326,
  "#2017LeDebatquelle" : 41241,
  "#segafredo" : 52419,
  "#Compil’" : 32643,
  "#BuffoncontreleFN" : 51376,
  "#Mediocrité" : 10086,
  "#JeVot…" : 30015,
  "#Francais" : 54237,
  "#lecomparo" : 36434,
  "#TchechenieURGENCE" : 27291,
  "#poudredeperlinpinpin" : 55421,
  "#francais" : 56543,
  "#NTM_FN" : 31338,
  "#NawakTotal" : 20535,
  "#electionspresidentielles2017" : 53271,
  "#VieilleFolle" : 27353,
  "#cabinetnoir" : 36902,
  "#love" : 34186,
  "#OUF" : 3881,
  "#ledebat2017\"vous" : 29666,
  "#deutschland" : 56908,
  "#EnsembleLaFrance" : 34668,
  "#Débat2017," : 21716,
  "#marinelepen2017" : 34204,
  "#inconscience" : 25252,
  "#WakeUp" : 18813,
  "#vivemarine" : 29524,
  "#breakingbad" : 12964,
  "#Débat2017…" : 41049,
  "#permaculture" : 52733,
  "#Alstom" : 34388,
  "#Presidentielles2017…" : 51402,
  "#Débat2017?" : 17987,
  "#astuce" : 10327,
  "#Bordeaux" : 53198,
  "#grégorylemarchal" : 51871,
  "#émouvant" : 28819,
  "#Immobilier" : 34225,
  "#PaysdesLumieres" : 38379,
  "#ASMJUV." : 43511,
  "#Français]" : 37834,
  "#Elabe" : 54326,
  "#presidentielles2017…" : 34329,
  "#2ndTour" : 38606,
  "#polls" : 54813,
  "#Nonsense" : 38188,
  "#MLP…" : 53365,
  "#GrandDébat?" : 6549,
  "#MLP," : 54266,
  "#GrandDébat," : 2121,
  "#Libéralisme." : 25179,
  "#LeDébat2017" : 56590,
  "#GrandDébat." : 36353,
  "#hgg" : 36859,
  "#SousMerdes" : 33628,
  "#maythe4th" : 36532,
  "#kaamelott" : 44362,
  "#HaveabreakHaveaKitKat" : 21657,
  "#BrigitteMacron" : 33413,
  "#OnNousPrendPourDesBuses" : 29937,
  "#louvre" : 38182,
  "#7MaiContreLePen…" : 31340,
  "#GhostBusters" : 54926,
  "#Froiddansledos" : 32845,
  "#maux…" : 51767,
  "#ToutSaufLePen" : 44421,
  "#MLP." : 40939,
  "#2017LeDebat   .Marine" : 14383,
  "#WallStreet" : 28426,
  "#nrj12" : 52349,
  "#LastTweet" : 7261,
  "#MLP:" : 39910,
  "#2017LeDebat\"soumettez-vous," : 14912,
  "#NorthCarolina" : 35511,
  "#2emeTour" : 52709,
  "#stop" : 21298,
  "#DebatMacronLePene" : 50428,
  "#stopdelphinariums…" : 34624,
  "#Frexit" : 51195,
  "#bonus" : 28282,
  "#franceenColęre" : 24551,
  "#Titanic" : 32331,
  "#lepen-a-lamentablement-foiré-son-débat" : 54670,
  "#éducation" : 57489,
  "#Merkel" : 35820,
  "#impressionné" : 14192,
  "#ohsecourslepiredébatdemavie" : 25069,
  "#Droite" : 36543,
  "#marine" : 40570,
  "#affaires" : 42484,
  "#Français:" : 35182,
  "#DebatMacronLePen." : 22911,
  "#MacronEnglish" : 30571,
  "#jamaislepen" : 44212,
  "#TchetchenieURGENCE" : 52319,
  "#DegagezLa" : 26931,
  "#MLP.@EmmanuelMacron" : 25047,
  "#Indigne" : 51187,
  "#polqc" : 55324,
  "#jlm2017" : 25625,
  "#Stargate" : 50994,
  "#république." : 26761,
  "#alertegencives" : 15906,
  "#CassetoiPauvConne" : 30840,
  "#LePenMacron￼" : 45339,
  "#LESNEWS" : 34453,
  "#elysee2017" : 53099,
  "#2017LeDebat   " : 37846,
  "#jesucemacron" : 50276,
  "#bebehollande" : 24050,
  "#Presidentielle2017  " : 26776,
  "#soutiens" : 30253,
  "#Pologne" : 36319,
  "#etpandanstagueule" : 30064,
  "#Macron.NO" : 32828,
  "#radotage" : 7071,
  "#CNews" : 4670,
  "#vivementlundi" : 51426,
  "#WowPutainCestEnfinFini" : 19522,
  "#2017LeDebat.Ce" : 6027,
  "#parasite.»" : 55474,
  "#dauphins" : 34622,
  "#RendeznousMélenchon" : 52905,
  "#Nousmeritons" : 51354,
  "#LeDirect" : 7845,
  "#LaMédiocritey2017" : 44739,
  "#Votezle7mai" : 19769,
  "#OKLM." : 39913,
  "#JLM2022" : 23146,
  "#alpes.…" : 41320,
  "#emanuelmacron" : 51406,
  "#Autisme" : 12369,
  "#vosdaronnesenpls" : 25321,
  "#réfugiés" : 28361,
  "#TeenWolf" : 55427,
  "#GrandDebatJe" : 36767,
  "#Cahuzac" : 18131,
  "#pitoyable" : 56151,
  "#Figaro" : 57432,
  "#jacquescheminade" : 51515,
  "#harrypotter" : 23090,
  "#Asselineau" : 32781,
  "#ItalieavecMacron" : 24685,
  "#LaDebacle" : 43213,
  "#rienafoutre" : 51040,
  "#climat\"" : 23219,
  "#soupir" : 22609,
  "#VoteMacron" : 50838,
  "#MLePen" : 41352,
  "#RendezNousMélenchon" : 56681,
  "#Fn-" : 32216,
  "#kamoulox" : 29876,
  "#MLPSCHLAG" : 4396,
  "#arabes" : 35338,
  "#DebatTF1…" : 22795,
  "#UnityIsTheKey" : 52064,
  "#PmuMarine" : 19949,
  "#Clientélisme" : 28575,
  "#renouvellement" : 38232,
  "#dommage" : 9655,
  "#GPA" : 28930,
  "#staraffaires" : 39701,
  "#EtatsGenerauxEducation" : 26344,
  "#maruinelepen" : 51715,
  "#Desastre" : 18236,
  "#Lepen.La" : 54566,
  "#Débat" : 53343,
  "#toctoctoc" : 26593,
  "#syndicalistes" : 33627,
  "#mortifère" : 41472,
  "#JLM2017" : 56719,
  "#j2s" : 42979,
  "#PrésidentielleDEBAT" : 28348,
  "#démagogie" : 57480,
  "#whatsappdown..." : 51724,
  "#débatdelosers" : 24658,
  "#Ligue1Conforama" : 19812,
  "#JamaisMarine" : 50856,
  "#LePenMacron " : 45307,
  "#MACRONPRESIDENT" : 6151,
  "#JamaisleFHaine" : 25560,
  "#NiNi" : 45559,
  "#LeRelou" : 41240,
  "#Presidentielle" : 53290,
  "#SarkozyVoice" : 37394,
  "#enmarche…" : 31775,
  "#enmarche!" : 30352,
  "#HarryPotter" : 42726,
  "#soumission" : 39649,
  "#11et18juin2017" : 52774,
  "#PCF" : 36957,
  "#handicap" : 56390,
  "#BlackSails" : 51829,
  "#nodoubt" : 26275,
  "#MarinePrésidente" : 50251,
  "#votezblanc" : 38764,
  "#Harakirietgenskipleurent" : 50316,
  "#PilierDeComptoir" : 16511,
  "#GantRelevé" : 41808,
  "#leDebat2017" : 55240,
  "#dynamisme" : 26182,
  "#FRANCE_DEBAT_2017" : 39026,
  "#hecatombe" : 29166,
  "#Stasiland" : 43634,
  "#medias" : 53554,
  "#Grande" : 50530,
  "#frontnational" : 42863,
  "#Fr2" : 52097,
  "#AliceNevers" : 51787,
  "#BORGEN" : 35936,
  "#Notre" : 52359,
  "#MLPerdu" : 28099,
  "#pertinence" : 51730,
  "#PEN" : 35183,
  "#nuitdebout" : 39734,
  "#RendsLargent" : 52326,
  "#indeminites" : 31985,
  "#Jakubyszyn" : 52518,
  "#ToutSaufMacron" : 52692,
  "#GrandDebatLa" : 30311,
  "#Boutin," : 54,
  "#dropthemic" : 29510,
  "#Juve" : 36123,
  "#DébatPrésidentiel " : 52790,
  "#2017debat" : 57136,
  "#JamaisLePen" : 43164,
  "#Klitchsko" : 27445,
  "#scolaritéaprès16ans" : 28149,
  "#MicDrop" : 39879,
  "#Guyane" : 15527,
  "#Politique" : 57031,
  "#2017LeGrandDebat…" : 52825,
  "#fascisme" : 28105,
  "#Aliot," : 12936,
  "#OnEstMal," : 24316,
  "#hyène" : 2604,
  "#alternativefacts" : 32506,
  "#Sécurité" : 22248,
  "#debat2017 @MLP_officiel" : 29544,
  "#pigeon" : 53157,
  "#DébatPresidentiel" : 52755,
  "#Lassalle" : 39548,
  "#cnews" : 52295,
  "#programme" : 55414,
  "#2017LeDebat\"Ça" : 15316,
  "#Presidentielle2017" : 57537,
  "#Punchline" : 57024,
  "#EmmylouHarris" : 34515,
  "#TFLers" : 38127,
  "#VotonsLe7MaiContreLeFN" : 12478,
  "#NonFhaine" : 10983,
  "#Corrida" : 22982,
  "#deuxpecnotquicebouffelagueule" : 39924,
  "#Circo7512" : 30298,
  "#FrenchWine" : 34658,
  "#RendsLargentMarine" : 30094,
  "#Frenchelection" : 54809,
  "#WhatsApp" : 53815,
  "#Debat" : 56825,
  "#Illinois" : 35514,
  "#ouste" : 53874,
  "#ASMJUV🔥" : 37552,
  "#Debatpresidentielle," : 53256,
  "#MarineLaFacho" : 25312,
  "#protectionnisme" : 32937,
  "#Pizzagate" : 35113,
  "#JaiRaté1000ScoopsLà" : 23467,
  "#kremlintrollbot" : 34578,
  "#aveudefaiblesse" : 28051,
  "#juifs" : 51087,
  "#menteur" : 37894,
  "#eolien" : 32621,
  "#breaking" : 33093,
  "#adepte" : 34218,
  "#emploiaccompagné" : 51544,
  "#Ledebat" : 37873,
  "#Debat2017.operation" : 17689,
  "#ecologie" : 34788,
  "#2017LeDebat Avc" : 16986,
  "#démocratie" : 54774,
  "#degoutee#debat201…" : 36680,
  "#7mai" : 41816,
  "#TeamOM" : 36742,
  "#AvenirEnCommun…" : 1843,
  "#LoftStory" : 51666,
  "#TeamOL" : 31923,
  "#LeGrandDebat2017." : 56124,
  "#debatpresidentielle2017 #2017ledebat" : 23088,
  "#chômage" : 41467,
  "#ChangeonsDAvenir!" : 5642,
  "#Debatpresidentielles" : 54497,
  "#VoteBlancLe7mai" : 50147,
  "#MLPTF1" : 52175,
  "#2017Ledebat agressivité," : 55040,
  "#lejeuxdelaverite" : 3026,
  "#Macronade" : 21357,
  "#Ihaveadream" : 23306,
  "#JeVoteMacron" : 57169,
  "#ChocolateAddict" : 35506,
  "#tristesse" : 37202,
  "#Benzema" : 37714,
  "#vocabulaire" : 4928,
  "#GrandDebat\"Vous" : 27259,
  "#Valls" : 32135,
  "#Debat2ndTour " : 23087,
  "#JLMélenchon" : 39141,
  "#debat2017" : 57476,
  "#secondtour?" : 57531,
  "#naufrageLepen" : 53433,
  "#MerciLePen" : 11182,
  "#Consternation" : 5764,
  "#consternation" : 21726,
  "#Explorezlemonde" : 41132,
  "#patrimoine" : 22732,
  "#Solidai…" : 23164,
  "#PLS" : 51336,
  "#Francophobie" : 35111,
  "#FInDuGame" : 37184,
  "#Google" : 33881,
  "#whatsappdown" : 55057,
  "#lesfrançaisnesontpastombésdslepanneau" : 53759,
  "#dupeuple" : 52678,
  "#30Glorieuses" : 54988,
  "#disqualifiée" : 149,
  "#OHWAIT" : 3184,
  "#KubaKub" : 40396,
  "#amateurisme" : 28095,
  "#politiquedemerde" : 37895,
  "#enmarchearriere" : 27548,
  "#Pen," : 36449,
  "#dehorslesfascos" : 27395,
  "#levraivisageduFN" : 12908,
  "#Cheminade" : 19847,
  "#LePen...😱😱😱😱😱" : 21561,
  "#bringbackourwazzap" : 5409,
  "#Jlm." : 28371,
  "#bapinparis" : 36260,
  "#BTSBBMAs" : 36570,
  "#EnsemblelaRepublique" : 40932,
  "#fiere" : 26120,
  "#Jeunesse" : 24699,
  "#Russie?…" : 57519,
  "#2017LeDebat #GrandDebat " : 36118,
  "#mannot:" : 18077,
  "#MELENCHON2017" : 55628,
  "#défensedelalanguefrançaise" : 54516,
  "#b20" : 38852,
  "#MarineTrump" : 10215,
  "#costaconcordia." : 54076,
  "#2017LeDebat#MarineLePen" : 50684,
  "#égalité" : 25424,
  "#fraudes" : 32277,
  "#Pen:" : 39699,
  "#Spain" : 34643,
  "#JaiMalALaFrance" : 25491,
  "#Debat2ndTour," : 22507,
  "#LePenNonMerci" : 57371,
  "#Debat2ndTour…" : 56894,
  "#Ingratitude." : 24053,
  "#bougezvousdimanche" : 36162,
  "#debatpresidentiel" : 57256,
  "#mypresident" : 23070,
  "#NonMacron" : 37549,
  "#MLP2017." : 32283,
  "#mobilisation" : 34311,
  "#MLP2017…" : 50303,
  "#Debat2017..." : 21627,
  "#ressaisietoi" : 36740,
  "#PPD" : 27262,
  "#Enfants2017" : 41269,
  "#Legislatives," : 33922,
  "#honteInternational" : 36033,
  "#macron=hollande" : 23850,
  "#zérocredits" : 1308,
  "#2017LeDebat🔥🌐" : 37551,
  "#nuffsaid" : 31299,
  "#recyclage" : 35417,
  "#presse" : 41518,
  "#TousContreLeFN" : 27432,
  "#PR." : 30720,
  "#courtetefficace" : 4429,
  "#ellegagne" : 29167,
  "#PMA." : 6880,
  "#insee" : 38868,
  "#Again" : 35505,
  "#HC1" : 34323,
  "#bonheur" : 55160,
  "#RendLargent" : 16447,
  "#GrandDeb" : 4735,
  "#Clamart" : 29102,
  "#Sante" : 39893,
  "#2017ledébatmacon" : 37665,
  "#Anges9" : 44305,
  "#PS." : 30002,
  "#punchlinedebabtou" : 29553,
  "#Buzz" : 35638,
  "#2017LeDebat🤢💩😡" : 29338,
  "#RipMarine" : 5638,
  "#punchligne" : 37051,
  "#MarineLePen…" : 50836,
  "#loisir" : 37389,
  "#presidentiel" : 38438,
  "#LeDebat #maratonamaselli" : 43443,
  "#alaramasse" : 31618,
  "#MarineLePen)" : 51073,
  "#DehorsleFN" : 39327,
  "#psychiatrie" : 56603,
  "#PSG" : 41669,
  "#MarineLePen." : 51227,
  "#MarineLePen," : 51265,
  "#JamaisLeFN" : 50857,
  "#lesprofsEnmarche" : 31764,
  "#Vote" : 35771,
  "#lamarine" : 37071,
  "#débatprésidentiel" : 56414,
  "#Gauche" : 33021,
  "#bave" : 50770,
  "#LePenMacron...MLP" : 45510,
  "#carteblanche" : 31492,
  "#musulman" : 30246,
  "#conseil…" : 31809,
  "#france🇫🇷" : 40660,
  "#MerciAurevoir" : 41004,
  "#museum" : 38183,
  "#superficiel" : 17302,
  "#Debat2017\"Pas" : 19993,
  "#lepenabandon" : 23700,
  "#ECOLOGIE" : 54053,
  "#LePEn:" : 55950,
  "#Enfin" : 29903,
  "#GrandDébat" : 57347,
  "#DebatPresidentiel…" : 52987,
  "#gaullistes." : 42871,
  "#AvenirEnCommun" : 57235,
  "#3emetour" : 35584,
  "#Macron2017" : 55131
}